symbol,code,name,trade,pricechange,changepercent,buy,sell,settlement,open,high,low,volume,amount,ticktime,per,pb,mktcap,nmc,turnoverratio
sh600000,600000,浦发银行,8.600,-0.09,-1.036,8.600,8.610,8.690,8.710,8.730,8.560,34946181,301339421,15:00:00,8.037,0.399,25242872.5425,25242872.5425,0.11906
sh600009,600009,上海机场,34.580,0.61,1.796,34.580,34.590,33.970,34.290,34.670,34.080,12322971,425200855,15:00:01,91.0,2.103,8605168.47372,6663422.313184,0.6395
sh600010,600010,包钢股份,1.430,0.02,1.418,1.420,1.430,1.410,1.420,1.430,1.410,127955536,182177999,15:00:01,126.549,1.25,6492906.741464,4504088.329741,0.40625
sh600011,600011,XD华能国,8.970,-0.18,-1.967,8.970,8.980,9.150,9.180,9.200,8.760,90184876,803481507,15:00:01,25.629,2.478,14081189.743023,9864945.797343,0.82003
sh600015,600015,华夏银行,6.380,-0.07,-1.085,6.380,6.390,6.450,6.490,6.490,6.360,32660872,209166163,15:00:01,4.311,0.355,10153724.362584,9817048.901154,0.21226
sh600016,600016,民生银行,3.890,0.0,0.0,3.880,3.890,3.890,3.910,3.930,3.860,135562350,527437257,15:00:01,5.403,0.313,17031360.797278,13794765.929857,0.38227
sh600018,600018,上港集团,6.000,0.0,0.0,6.000,6.010,6.000,6.040,6.070,5.940,30864354,185156176,15:00:01,10.543,1.102,13970486.85,13904204.79,0.13319
sh600019,600019,宝钢股份,6.950,0.03,0.434,6.940,6.950,6.920,6.920,6.980,6.880,46570756,322338913,15:00:01,12.87,0.762,15373301.29888,15191253.69388,0.21306
sh600023,600023,浙能电力,7.310,-0.22,-2.922,7.300,7.310,7.530,7.430,7.450,7.100,114835296,829897717,15:00:00,14.918,1.409,9801783.639519,9801783.639519,0.85642
sh600025,600025,华能水电,11.650,0.09,0.779,11.640,11.650,11.560,11.520,11.650,11.440,22646888,261415882,15:00:01,29.125,3.791,20970000.0,20970000.0,0.12582
sh600026,600026,中远海能,14.570,0.01,0.069,14.570,14.580,14.560,14.570,14.830,14.440,20663373,303036922,15:00:01,20.746,1.946,6951021.207515,5062749.207515,0.59467
sh600027,600027,华电国际,6.300,-0.22,-3.374,6.300,6.310,6.520,6.530,6.540,6.190,161320404,1011220236,15:00:01,18.0,1.577,6443363.51379,5361506.34579,1.89558
sh600028,600028,中国石化,6.420,0.0,0.0,6.420,6.430,6.420,6.450,6.460,6.370,141192830,905033551,15:00:00,12.713,0.937,78131286.939306,60972005.411532,0.14867
sh600029,600029,南方航空,6.030,0.27,4.688,6.020,6.030,5.760,5.790,6.030,5.790,69723708,414640898,15:00:01,-26.217,2.911,10926907.780878,7642023.83307,0.55016
sh600030,600030,中信证券,18.320,0.15,0.826,18.320,18.330,18.170,18.260,18.450,18.180,55823833,1023550001,15:00:01,14.092,1.056,27151241.790728,20823763.88804,0.49112
sh600031,600031,三一重工,16.320,0.8,5.155,16.310,16.320,15.520,15.600,16.330,15.600,68396965,1100747455,15:00:01,30.522,1.993,13848728.066784,13813600.245984,0.80807
sh600036,600036,XD招商银,32.900,0.19,0.581,32.900,32.910,32.710,33.080,33.130,32.790,73238896,2411951386,15:00:01,5.844,0.857,82973292.02729,67869227.17141,0.35503
sh600039,600039,四川路桥,7.580,0.09,1.202,7.570,7.580,7.490,7.560,7.610,7.520,12997419,98314744,15:00:01,7.288,1.406,6604316.19939,5063138.74427,0.19458
sh600048,600048,保利发展,8.690,0.17,1.995,8.680,8.690,8.520,8.620,8.790,8.520,95413884,827043903,15:00:01,8.604,0.534,10402315.330242,10402315.330242,0.79708
sh600050,600050,中国联通,4.750,0.02,0.423,4.740,4.750,4.730,4.750,4.790,4.720,133890095,635722873,15:00:01,18.199,0.933,15105276.1232,14708684.8482,0.43238
sh600061,600061,国投资本,5.560,0.08,1.46,5.560,5.570,5.480,5.540,5.580,5.510,13342712,74163785,15:00:01,15.444,0.709,3572472.805912,3572472.805912,0.20766
sh600085,600085,同仁堂,37.430,1.05,2.886,37.420,37.430,36.380,36.770,37.680,36.620,12697674,472946500,15:00:01,30.756,3.78,5133413.190666,5133413.190666,0.92584
sh600089,600089,特变电工,13.240,0.35,2.715,13.240,13.250,12.890,13.010,13.290,13.000,38883882,512175410,15:00:00,5.543,1.068,6689897.324284,6689897.324284,0.76955
sh600104,600104,上汽集团,14.020,0.2,1.447,14.020,14.030,13.820,13.870,14.070,13.870,15784191,220808065,15:00:01,11.436,0.561,16228569.82189,16228569.82189,0.13636
sh600111,600111,北方稀土,17.500,0.48,2.82,17.500,17.510,17.020,17.190,17.560,17.190,27060760,471503986,15:00:00,26.685,2.917,6326365.2235,6326365.2235,0.74856
sh600115,600115,中国东航,3.930,0.2,5.362,3.920,3.930,3.730,3.750,3.940,3.750,56854489,220134771,15:00:01,-10.622,4.493,8760479.55201,5297889.850929,0.42175
sh600132,600132,重庆啤酒,62.440,2.77,4.642,62.430,62.440,59.670,60.400,62.560,60.050,5378667,332038745,15:00:01,22.623,11.658,3021916.160312,3021916.160312,1.11136
sh600150,600150,中国船舶,41.880,0.76,1.848,41.880,41.890,41.120,41.130,42.440,41.130,40490986,1696843173,15:00:01,63.455,3.859,18730531.638504,18730531.638504,0.90535
sh600161,600161,天坛生物,23.770,0.07,0.295,23.770,23.780,23.700,24.010,24.180,23.460,7224553,171860867,15:00:00,35.478,4.636,4700211.927142,4700211.927142,0.36536
sh600176,600176,中国巨石,10.530,0.32,3.134,10.530,10.540,10.210,10.300,10.620,10.300,20531423,215046441,15:00:01,13.846,1.454,4215302.974584,4215302.974584,0.51288
sh600183,600183,生益科技,23.110,0.38,1.672,23.100,23.110,22.730,22.790,23.290,22.350,51799139,1185911965,15:00:01,46.22,3.808,5480164.156302,5480164.156302,2.18438
sh600188,600188,兖矿能源,15.130,0.01,0.066,15.130,15.140,15.120,15.120,15.420,15.020,37330868,566413908,15:00:01,5.518,2.556,15190308.788226,8907291.813966,0.63411
sh600196,600196,复星医药,22.570,0.4,1.804,22.570,22.580,22.170,22.340,22.710,22.330,8943453,201796975,15:00:01,25.36,1.301,6031603.890727,4781429.278025,0.42216
sh600219,600219,南山铝业,4.080,0.08,2.0,4.080,4.090,4.000,4.030,4.100,3.990,125358837,507103090,15:00:00,13.6,1.002,4777089.561984,4777089.561984,1.07066
sh600233,600233,圆通速递,14.320,0.15,1.059,14.320,14.340,14.170,14.300,14.470,14.130,8249490,118205965,15:00:00,13.241,1.659,4933619.103384,4933619.103384,0.23944
sh600276,600276,恒瑞医药,40.600,1.19,3.02,40.590,40.600,39.410,39.790,41.140,39.300,37980200,1538773534,15:00:00,59.706,6.185,25898749.23244,25898749.23244,0.59539
sh600309,600309,万华化学,80.530,2.78,3.576,80.530,80.540,77.750,78.130,81.330,77.760,14511803,1161792930,15:00:01,15.024,2.736,25284379.579178,25284379.579178,0.4622
sh600332,600332,白云山,29.450,0.35,1.203,29.450,29.460,29.100,29.300,29.510,28.950,8182480,239920692,15:00:01,11.804,1.298,4787954.344805,4140348.844805,0.58201
sh600346,600346,恒力石化,14.220,0.46,3.343,14.210,14.220,13.760,13.890,14.240,13.670,18411523,257743814,15:00:01,14.51,1.612,10009599.895692,10009599.895692,0.26156
sh600362,600362,江西铜业,24.770,1.07,4.515,24.770,24.780,23.700,23.860,24.890,23.690,31542652,771964856,15:00:01,13.176,1.192,8577180.736185,5140387.822185,1.51995
sh600372,600372,中航机载,11.790,0.27,2.344,11.790,11.800,11.520,11.720,11.820,11.620,20740384,243487045,15:00:01,26.979,1.565,5705059.12677,5608269.319842,0.43602
sh600406,600406,国电南瑞,24.540,-0.15,-0.608,24.540,24.550,24.690,24.640,24.790,24.300,24418671,597941413,15:00:01,27.267,4.139,19712550.287412,19593925.488156,0.30583
sh600415,600415,小商品城,7.570,0.33,4.558,7.560,7.570,7.240,7.380,7.580,7.380,36814463,276250103,15:00:01,15.449,2.252,4151640.971232,4140434.229682,0.67308
sh600426,600426,华鲁恒升,26.210,0.79,3.108,26.200,26.210,25.420,25.700,26.440,25.500,11094354,289225260,15:00:00,15.518,1.857,5565221.717379,5544498.196396,0.52445
sh600436,600436,片仔癀,209.390,5.69,2.793,209.330,209.390,203.700,212.000,213.110,206.500,2513711,527428959,15:00:01,45.127,8.814,12632859.06019,12632859.06019,0.41665
sh600438,600438,通威股份,17.250,0.47,2.801,17.250,17.260,16.780,17.000,17.790,16.900,37269810,646997957,15:00:00,5.721,1.321,7765911.309975,7765911.309975,0.82785
sh600460,600460,士兰微,18.160,0.06,0.331,18.160,18.170,18.100,18.190,18.350,17.840,35133310,636800454,15:00:01,-908.0,2.516,3021954.47052,3021954.47052,2.11129
sh600489,600489,中金黄金,17.390,0.53,3.144,17.390,17.400,16.860,16.980,17.500,16.820,58952840,1015167854,15:00:01,28.508,3.163,8429476.548796,8429476.548796,1.2162
sh600515,600515,海南机场,3.170,0.08,2.589,3.160,3.170,3.090,3.130,3.190,3.100,30723950,96770556,15:00:01,38.01,1.546,3621823.143834,2908795.965036,0.33483
sh600519,600519,贵州茅台,1462.090,24.5,1.704,1462.050,1462.090,1437.590,1449.970,1469.000,1440.210,2902014,4236960596,15:00:01,24.577,7.661,183667424.1402,183667424.1402,0.23102
sh600547,600547,山东黄金,29.720,0.25,0.848,29.710,29.720,29.470,29.480,29.880,29.250,30907384,914753705,15:00:01,70.762,5.58,13295032.5483,10742125.627284,0.85511
sh600570,600570,恒生电子,16.840,0.5,3.06,16.840,16.850,16.340,16.640,17.000,16.460,19058914,319896452,15:00:01,22.453,4.006,3189739.8011,3189739.8011,1.0062
sh600584,600584,长电科技,33.710,0.93,2.837,33.710,33.720,32.780,33.300,34.180,32.740,60189065,2017918950,15:00:01,41.11,2.301,6032116.51547,6032116.51547,3.36362
sh600585,600585,海螺水泥,24.800,0.29,1.183,24.800,24.810,24.510,24.520,24.830,24.390,14450712,355766261,15:00:01,12.589,0.705,13142270.39592,9919262.39592,0.36129
sh600588,600588,用友网络,9.410,0.33,3.634,9.400,9.410,9.080,9.200,9.430,9.100,24542189,228886879,15:00:00,-32.448,3.34,3216828.598819,3215394.561869,0.71824
sh600600,600600,青岛啤酒,69.320,2.66,3.99,69.310,69.320,66.660,67.500,69.660,67.070,8771392,601720803,15:00:01,22.083,3.253,9456612.134416,4885639.49456,1.24453
sh600660,600660,福耀玻璃,49.170,-0.06,-0.122,49.160,49.170,49.230,49.610,49.730,48.820,10023283,492983736,15:00:00,22.764,3.905,12832108.946844,9848683.794444,0.50042
sh600674,600674,川投能源,19.830,0.19,0.967,19.820,19.830,19.640,19.660,19.890,19.400,13318797,261776102,15:00:01,20.103,2.368,9666345.339924,9666345.339924,0.27323
sh600690,600690,海尔智家,26.940,0.58,2.2,26.940,26.950,26.360,26.600,27.200,26.030,30947035,827795084,15:00:00,15.05,2.37,25426281.521742,16995240.849876,0.49056
sh600732,600732,爱旭股份,8.600,0.37,4.496,8.600,8.610,8.230,8.330,8.740,8.310,42553604,364018579,15:00:01,20.476,1.836,1571898.85992,1373499.63858,2.66444
sh600741,600741,华域汽车,15.880,0.01,0.063,15.880,15.890,15.870,15.920,16.090,15.830,15957563,253717233,15:00:01,6.941,0.85,5006525.686592,5006525.686592,0.50615
sh600745,600745,闻泰科技,29.700,0.89,3.089,29.690,29.700,28.810,29.400,29.940,28.980,25774389,760237578,15:00:01,31.263,1.032,3691144.45557,3691144.45557,2.07388
sh600760,600760,中航沈飞,40.510,0.37,0.922,40.510,40.520,40.140,40.390,40.750,39.720,8653183,349213729,15:00:00,37.165,7.054,11163338.727163,11118928.829463,0.31526
sh600795,600795,国电电力,5.970,0.18,3.109,5.970,5.980,5.790,5.790,5.980,5.760,223519720,1312570702,15:00:01,19.013,2.093,10647864.591954,10647864.591954,1.25322
sh600803,600803,新奥股份,20.360,0.14,0.692,20.360,20.370,20.220,20.420,20.430,19.980,8728575,176809529,15:00:01,8.852,2.555,6308337.527852,5781967.34906,0.30736
sh600809,600809,山西汾酒,193.190,1.91,0.999,193.190,193.200,191.280,193.650,198.560,190.510,7674613,1497542128,15:00:01,22.562,6.912,23568488.804818,23568488.804818,0.62909
sh600837,600837,海通证券,8.260,0.08,0.978,8.250,8.260,8.180,8.250,8.380,8.240,30074232,249238471,15:00:01,103.25,0.656,10791029.2,7329412.85468,0.33893
sh600845,600845,宝信软件,31.300,1.3,4.333,31.300,31.310,30.000,30.340,31.310,29.960,8595047,265217425,15:00:01,28.901,7.542,9028202.06365,6555267.83323,0.4104
sh600875,600875,东方电气,16.710,0.46,2.831,16.700,16.710,16.250,16.360,16.750,16.210,26858849,444697750,15:00:00,14.658,1.365,5209341.592647,3380941.082589,1.32747
sh600886,600886,国投电力,18.420,-0.13,-0.701,18.410,18.420,18.550,18.500,18.650,18.090,38977950,712453427,15:00:01,21.042,2.478,13730599.186074,12831138.705174,0.55956
sh600887,600887,伊利股份,25.700,0.57,2.268,25.690,25.700,25.130,25.280,25.840,25.280,43136396,1104898758,15:00:01,15.671,2.768,16360873.67185,16204091.98863,0.68415
sh600893,600893,航发动力,36.590,1.07,3.012,36.590,36.600,35.520,35.770,36.940,35.520,12038303,437127600,15:00:00,69.038,2.461,9753409.316842,9751691.489522,0.4517
sh600900,600900,长江电力,30.190,0.09,0.299,30.180,30.190,30.100,30.130,30.200,29.700,74713995,2236982847,15:00:00,27.12,3.593,73869549.284604,72477907.382557,0.31121
sh600905,600905,三峡能源,4.460,0.01,0.225,4.460,4.470,4.450,4.470,4.480,4.440,75394674,336382442,15:00:01,17.776,1.5,12765081.6032,12749292.028436,0.26375
sh600918,600918,中泰证券,5.510,0.08,1.473,5.510,5.520,5.430,5.470,5.530,5.450,16455238,90593638,15:00:01,22.958,1.031,3839712.791556,2189018.210269,0.4142
sh600919,600919,江苏银行,7.620,-0.08,-1.039,7.620,7.630,7.700,7.720,7.740,7.590,79669229,609191419,15:00:01,4.509,0.635,13983709.240806,13921528.56786,0.43607
sh600926,600926,XD杭州银,12.730,-0.07,-0.547,12.720,12.730,12.800,12.980,13.040,12.650,25423130,325117198,15:00:01,5.511,0.757,7549254.975465,6826776.233396,0.47407
sh600938,600938,中国海油,33.800,-0.09,-0.266,33.800,33.810,33.890,34.000,34.220,33.430,46830661,1580610038,15:00:00,13.0,2.276,160775662.26592,9605459.26314,1.64789
sh600941,600941,中国移动,107.200,-0.36,-0.335,107.170,107.200,107.560,107.300,107.900,105.880,7022564,749780362,15:00:01,17.403,1.719,229864151.39392,8132437.13424,0.9257
sh600958,600958,东方证券,7.580,0.15,2.019,7.580,7.590,7.430,7.500,7.600,7.470,25937312,195924833,15:00:01,25.267,0.857,6440457.131336,5636485.30152,0.34881
sh600989,600989,宝丰能源,17.840,0.6,3.48,17.830,17.840,17.240,17.350,17.940,17.180,20666493,364882745,15:00:00,23.169,3.27,13082714.24,13082714.24,0.28181
sh600999,600999,招商证券,14.130,0.17,1.218,14.120,14.130,13.960,14.060,14.200,14.020,12834059,181180180,15:00:01,15.032,1.124,12288192.376878,10487293.449336,0.17292
sh601006,601006,XD大秦铁,6.760,0.0,0.0,6.750,6.760,6.760,6.800,6.880,6.750,117533536,798549097,15:00:00,8.557,0.815,12263666.434344,12263666.434344,0.64787
sh601009,601009,南京银行,9.990,-0.04,-0.399,9.990,10.000,10.030,10.100,10.140,9.910,23492506,235471586,15:00:01,5.946,0.707,10333449.727479,9203472.573741,0.255
sh601012,601012,隆基绿能,14.220,0.66,4.867,14.220,14.230,13.560,13.800,14.610,13.710,224628399,3193918854,15:00:00,10.014,1.594,10775979.660096,10775968.929684,2.9642
sh601021,601021,春秋航空,54.420,1.92,3.657,54.420,54.430,52.500,52.700,54.530,52.530,4821969,259283221,15:00:01,23.558,3.219,5325262.59681,5325262.59681,0.49277
sh601059,601059,信达证券,13.990,0.17,1.23,13.990,14.000,13.820,13.970,14.050,13.800,11992307,167239338,15:00:01,30.413,2.53,4536957.0,967548.4,1.73399
sh601066,601066,中信建投,18.650,0.09,0.485,18.650,18.660,18.560,18.880,18.900,18.530,9366234,175235272,15:00:00,23.91,1.964,14466235.796405,7108190.16357,0.24575
sh601088,601088,中国神华,41.680,-0.03,-0.072,41.670,41.680,41.710,41.330,42.110,40.870,34006914,1411332495,15:00:01,13.875,1.942,82811991.17244,68734646.19644,0.20621
sh601100,601100,恒立液压,44.080,1.08,2.512,44.080,44.090,43.000,43.230,44.560,43.000,6558169,288947347,15:00:01,23.699,3.935,5910338.932736,5910338.932736,0.48912
sh601111,601111,中国国航,7.250,0.18,2.546,7.240,7.250,7.070,7.100,7.290,7.100,61761988,444891300,15:00:01,-103.571,3.222,12030447.10585,7992098.6349,0.56027
sh601117,601117,中国化学,7.800,0.2,2.632,7.800,7.810,7.600,7.690,7.910,7.630,48944177,381159415,15:00:01,8.764,0.811,4765075.03836,4718618.23836,0.80906
sh601138,601138,工业富联,28.760,-0.19,-0.656,28.760,28.770,28.950,29.450,29.470,27.870,128407393,3681298002,15:00:01,27.132,3.929,57139055.445368,57123259.866664,0.6465
sh601166,601166,兴业银行,16.480,-0.13,-0.783,16.470,16.480,16.610,16.680,16.700,16.420,49920383,824208646,15:00:01,4.695,0.467,34236046.887808,34236046.887808,0.2403
sh601169,601169,北京银行,5.500,-0.05,-0.901,5.500,5.510,5.550,5.560,5.610,5.490,86058773,476088519,15:00:01,5.189,0.45,11628641.3496,11628641.3496,0.40703
sh601186,601186,中国铁建,8.300,0.12,1.467,8.300,8.310,8.180,8.260,8.320,8.210,44389876,367238298,15:00:01,4.798,0.44,11271019.445,9547693.765,0.38589
sh601211,601211,国泰君安,13.550,0.08,0.594,13.550,13.560,13.470,13.570,13.650,13.500,21876876,296999194,15:00:00,13.827,0.807,12064554.9901,10135837.46988,0.29246
sh601225,601225,陕西煤业,25.400,0.0,0.0,25.400,25.410,25.400,25.280,25.590,25.000,23563972,597308152,15:00:01,11.598,2.596,24625300.0,24625300.0,0.24305
sh601229,601229,上海银行,7.220,-0.05,-0.688,7.220,7.230,7.270,7.300,7.330,7.190,38643942,279730428,15:00:01,4.719,0.455,10257217.513954,9997982.895558,0.27907
sh601236,601236,红塔证券,6.720,0.17,2.595,6.710,6.720,6.550,6.600,6.870,6.560,51031679,343421131,15:00:01,96.0,1.355,3169681.362624,3169681.362624,1.08192
sh601238,601238,广汽集团,7.780,0.21,2.774,7.770,7.780,7.570,7.700,8.000,7.700,29377773,230147805,15:00:01,18.524,0.697,8158822.062404,5727829.848814,0.39903
sh601288,601288,农业银行,4.510,-0.04,-0.879,4.500,4.510,4.550,4.540,4.550,4.480,300371797,1353980394,15:00:00,6.264,0.639,157842348.27672,143979139.06043,0.09409
sh601318,601318,中国平安,41.940,0.08,0.191,41.940,41.950,41.860,42.270,42.490,41.910,37556984,1582861429,15:00:00,8.665,0.844,76373723.941758,45138586.37283,0.34896
sh601319,601319,中国人保,5.270,0.01,0.19,5.260,5.270,5.260,5.300,5.320,5.240,49732373,262627219,15:00:01,10.333,0.941,23306043.037241,18707317.719241,0.1401
sh601328,601328,交通银行,7.350,-0.03,-0.407,7.350,7.360,7.380,7.370,7.400,7.290,108108022,793342259,15:00:01,6.391,0.581,54583104.084075,28849385.051025,0.27543
sh601336,601336,新华保险,30.750,0.02,0.065,30.750,30.760,30.730,31.030,31.180,30.650,9345382,288460913,15:00:01,11.022,1.02,9592605.795,6412725.9705,0.44813
sh601360,601360,三六零,7.340,0.19,2.657,7.340,7.350,7.150,7.260,7.430,7.220,49875734,365150812,15:00:01,-104.857,1.655,5244696.586598,5244696.586598,0.69802
sh601377,601377,兴业证券,4.990,0.09,1.837,4.990,5.000,4.900,4.940,5.000,4.940,32499422,161740659,15:00:01,21.696,0.801,4309357.659706,4309357.659706,0.37633
sh601390,601390,中国中铁,6.220,0.08,1.303,6.220,6.230,6.140,6.190,6.230,6.170,89331045,554093762,15:00:01,4.807,0.531,15394891.746174,12700897.975262,0.43748
sh601398,601398,工商银行,5.930,-0.07,-1.167,5.920,5.930,6.000,6.000,6.000,5.860,376798473,2229396343,15:00:00,6.051,0.603,211348910.45378,159880042.03563,0.13976
sh601600,601600,中国铝业,7.800,0.24,3.175,7.800,7.810,7.560,7.570,7.870,7.350,185017198,1423771603,15:00:00,19.949,2.201,13383537.35784,10236017.79798,1.40986
sh601601,601601,中国太保,28.250,-0.68,-2.351,28.250,28.260,28.930,29.060,29.140,28.200,28084081,800824320,15:00:00,9.982,1.054,27177464.610375,19337242.110375,0.41028
sh601607,601607,上海医药,18.940,0.11,0.584,18.930,18.940,18.830,18.900,19.050,18.570,8646635,163019125,15:00:01,18.569,1.001,7014473.491954,3658720.088554,0.44761
sh601618,601618,中国中冶,3.130,0.05,1.623,3.120,3.130,3.080,3.100,3.130,3.100,60050872,187231952,15:00:01,9.485,0.644,6486492.80021,5587869.80021,0.33637
sh601628,601628,XD中国人,30.850,0.01,0.032,30.850,30.870,30.840,31.110,31.400,30.730,7671304,238095484,15:00:01,41.133,1.815,87196614.925,64240590.05,0.03684
sh601633,601633,长城汽车,26.220,1.01,4.006,26.220,26.230,25.210,26.020,26.250,25.630,33809058,880104275,15:00:00,31.976,3.134,22397028.00858,16178836.163808,0.54792
sh601658,601658,XD邮储银,4.830,-0.04,-0.821,4.820,4.830,4.870,4.920,4.930,4.770,206234331,996289033,15:00:01,5.819,0.593,47894799.726354,32420116.8816,0.30725
sh601668,601668,中国建筑,5.350,0.14,2.687,5.340,5.350,5.210,5.250,5.350,5.230,170666631,906942025,15:00:00,4.084,0.513,22266674.55754,22106408.88754,0.41303
sh601669,601669,中国电建,5.450,0.07,1.301,5.450,5.460,5.380,5.430,5.470,5.380,108153840,588325041,15:00:00,7.985,0.706,9388256.83703,7123981.58825,0.8274
sh601688,601688,华泰证券,12.430,0.15,1.221,12.430,12.440,12.280,12.410,12.500,12.360,40441852,502967080,15:00:01,9.207,0.72,11223525.35612,9066853.087446,0.55443
sh601689,601689,拓普集团,60.100,-0.04,-0.067,60.090,60.100,60.140,60.650,61.300,59.490,9923718,598235186,15:00:01,30.821,3.929,6988283.35733,6623319.47229,0.90048
sh601698,601698,中国卫通,14.500,0.23,1.612,14.500,14.510,14.270,14.510,14.590,14.360,13364257,193709749,15:00:01,175.545,3.978,6125358.8474,6125358.8474,0.31636
sh601699,601699,潞安环能,16.540,-0.1,-0.601,16.540,16.550,16.640,16.690,16.760,16.310,23092935,381959304,15:00:01,6.242,0.993,4947790.8168,4947790.8168,0.77198
sh601728,601728,中国电信,6.170,-0.04,-0.644,6.170,6.180,6.210,6.210,6.240,6.120,130552989,806166702,15:00:00,18.697,1.251,56459904.577283,12087292.460694,0.66641
sh601766,601766,中国中车,7.740,0.08,1.044,7.740,7.750,7.660,7.670,7.760,7.620,78533867,606093706,15:00:01,18.878,1.371,22212920.804112,18829715.689152,0.32282
sh601788,601788,光大证券,14.210,0.08,0.566,14.210,14.220,14.130,14.320,14.360,14.150,21742400,309755967,15:00:00,16.917,1.123,6551929.235019,5551419.050219,0.55654
sh601799,601799,星宇股份,123.600,-0.17,-0.137,123.590,123.600,123.770,123.760,125.000,122.050,995942,123017623,15:00:01,31.957,3.765,3530997.61884,3530997.61884,0.34862
sh601800,601800,中国交建,8.280,0.11,1.346,8.270,8.280,8.170,8.220,8.290,8.180,31951137,263368440,15:00:01,5.957,0.491,13478690.2599,9726710.9319,0.27199
sh601808,601808,中海油服,16.170,0.18,1.126,16.170,16.180,15.990,16.000,16.230,15.900,6924082,111358145,15:00:00,25.606,1.823,7715664.264,4787076.756,0.23388
sh601816,601816,京沪高铁,5.410,-0.03,-0.551,5.400,5.410,5.440,5.450,5.470,5.370,149881986,810756480,15:00:01,23.011,1.341,26566608.174551,26566608.174551,0.30522
sh601818,601818,光大银行,3.250,-0.03,-0.915,3.250,3.260,3.280,3.290,3.300,3.240,117452068,383476993,15:00:00,5.242,0.417,19202804.094825,15082215.057325,0.25309
sh601838,601838,成都银行,14.560,-0.17,-1.154,14.560,14.570,14.730,14.830,14.860,14.440,17908101,261264593,15:00:01,4.837,0.811,5553110.598672,5542369.456624,0.47045
sh601857,601857,中国石油,10.460,0.13,1.258,10.450,10.460,10.330,10.350,10.470,10.250,139759018,1450536535,15:00:01,11.886,1.284,191439942.79763,169370493.39763,0.08631
sh601865,601865,福莱特,18.890,0.57,3.111,18.890,18.900,18.320,18.500,19.300,18.360,17015313,322004147,15:00:00,15.234,1.984,4441651.566809,3587596.886809,0.89592
sh601868,601868,中国能建,2.130,0.03,1.429,2.120,2.130,2.100,2.110,2.130,2.100,149043915,315716564,15:00:00,11.833,0.864,8880217.854468,3029392.705119,1.04794
sh601872,601872,招商轮船,8.270,0.13,1.597,8.270,8.280,8.140,8.200,8.310,8.050,30991889,254692514,15:00:01,13.783,1.756,6734927.853931,6734927.853931,0.38056
sh601877,601877,正泰电器,19.050,0.88,4.843,19.040,19.050,18.170,18.400,19.130,18.400,15815980,297788362,15:00:00,11.012,1.012,4093785.89928,4093785.89928,0.73598
sh601878,601878,浙商证券,10.590,0.1,0.953,10.590,10.600,10.490,10.610,10.670,10.420,45329189,478439026,15:00:01,23.022,1.533,4111243.850538,4111243.850538,1.16762
sh601881,601881,中国银河,10.120,0.1,0.998,10.110,10.120,10.020,10.150,10.270,10.020,50151863,508766827,15:00:01,15.104,1.072,11065615.083072,7330338.634476,0.69238
sh601888,601888,中国中免,67.330,3.98,6.283,67.330,67.340,63.350,64.690,67.860,63.830,38625465,2555573974,15:00:00,20.748,2.481,13929627.943252,13146017.837752,1.97828
sh601898,601898,中煤能源,12.050,-0.08,-0.66,12.050,12.060,12.130,12.080,12.140,11.790,30409472,364383192,15:00:01,8.197,1.067,15976689.397,11028160.482,0.33227
sh601899,601899,紫金矿业,18.870,0.49,2.666,18.870,18.880,18.380,18.500,18.960,18.300,155807757,2925447887,15:00:01,23.588,4.298,50152476.42978,38789724.958932,0.75796
sh601901,601901,方正证券,7.630,0.03,0.395,7.630,7.640,7.600,7.690,7.700,7.590,75103303,574013379,15:00:01,29.346,1.36,6281093.364385,6281093.364385,0.91232
sh601916,601916,浙商银行,2.800,-0.01,-0.356,2.800,2.810,2.810,2.830,2.840,2.790,68428239,192273993,15:00:01,4.912,0.459,7690098.06964,6032442.06964,0.31761
sh601919,601919,中远海控,14.200,-0.17,-1.183,14.200,14.210,14.370,14.390,14.510,14.180,128066513,1832101803,15:00:00,9.595,1.117,22664060.4703,18120372.8703,1.00359
sh601939,601939,建设银行,7.690,-0.05,-0.646,7.690,7.700,7.740,7.730,7.780,7.610,136227677,1045847571,15:00:00,5.87,0.632,192258441.68673,7377522.699014,1.41998
sh601985,601985,中国核电,11.460,0.22,1.957,11.450,11.460,11.240,11.200,11.470,11.100,127966518,1442224746,15:00:00,20.686,2.325,21640244.457582,21640244.457582,0.67767
sh601988,601988,中国银行,4.700,-0.05,-1.053,4.690,4.700,4.750,4.750,4.760,4.670,215789636,1014178093,15:00:01,6.351,0.603,138362261.88327,99059791.97762,0.10238
sh601989,601989,中国重工,5.170,0.23,4.656,5.170,5.180,4.940,5.020,5.190,5.020,199730153,1024277512,15:00:01,-152.059,1.411,11788652.262508,11788652.262508,0.87593
sh601995,601995,中金公司,27.700,0.54,1.988,27.700,27.710,27.160,27.690,27.870,27.360,9955528,275153184,15:00:01,24.341,1.493,13371501.52436,8098212.5588,0.34053
sh601998,601998,中信银行,6.380,-0.08,-1.238,6.380,6.390,6.460,6.470,6.480,6.360,41765771,267553190,15:00:00,5.024,0.521,34105272.257144,24610452.277818,0.10827
sh603019,603019,中科曙光,41.240,1.09,2.715,41.240,41.250,40.150,40.960,41.250,40.170,43947620,1789410825,15:00:01,32.73,3.21,6034500.257616,6015314.584816,3.01298
sh603195,603195,公牛集团,76.050,1.65,2.218,76.050,76.060,74.400,74.900,76.660,73.770,2138134,161568316,15:00:01,17.443,6.375,9829296.72621,9807035.788485,0.1658
sh603259,603259,药明康德,38.820,1.28,3.41,38.820,38.830,37.540,38.200,39.070,38.050,49281455,1906504420,15:00:00,11.872,2.032,11304101.402046,9801471.787746,1.95186
sh603260,603260,合盛硅业,46.890,1.72,3.808,46.890,46.900,45.170,45.750,47.070,45.400,2192799,101851264,15:00:01,20.933,1.704,5543368.346349,5036762.390553,0.20414
sh603288,603288,海天味业,34.590,0.46,1.348,34.590,34.600,34.130,34.440,35.170,34.220,10068053,349394161,15:00:01,34.248,6.371,19234117.281696,19234117.281696,0.18106
sh603296,603296,华勤技术,58.190,2.25,4.022,58.180,58.190,55.940,56.500,58.880,56.000,3934116,227379880,15:00:00,14.661,2.771,5909073.098203,497078.741324,4.60543
sh603369,603369,今世缘,47.860,1.7,3.683,47.850,47.860,46.160,46.500,48.280,46.420,5262310,250271703,15:00:01,19.028,4.051,6004037.0,6004037.0,0.41947
sh603392,603392,万泰生物,65.950,0.36,0.549,65.950,65.990,65.590,66.500,66.690,65.610,2812611,186017417,15:00:00,66.616,6.526,8363825.158405,8363825.158405,0.22178
sh603501,603501,韦尔股份,105.240,0.8,0.766,105.230,105.240,104.440,105.460,106.880,103.780,15056843,1584710906,15:00:01,223.915,6.147,12794823.456276,12780629.558568,1.23983
sh603659,603659,璞泰来,13.960,0.57,4.257,13.950,13.960,13.390,13.730,14.110,13.580,24027142,333594845,15:00:01,14.695,1.636,2984610.905488,2982413.110096,1.12466
sh603799,603799,华友钴业,24.330,1.07,4.6,24.330,24.340,23.260,23.270,24.600,23.150,65313199,1573138856,15:00:01,11.868,1.236,4129319.031927,4102853.101227,3.87309
sh603806,603806,福斯特,14.500,0.88,6.461,14.500,14.510,13.620,13.850,14.750,13.820,33293477,478950426,15:00:00,14.646,2.435,3782666.9419,3782666.9419,1.27623
sh603833,603833,欧派家居,48.320,1.6,3.425,48.310,48.320,46.720,47.410,48.390,46.310,3494970,166967959,15:00:01,9.703,1.645,2943424.66256,2943424.66256,0.57374
sh603899,603899,晨光股份,30.210,0.88,3.0,30.200,30.210,29.330,29.710,30.870,29.560,3736339,112836609,15:00:01,18.224,3.401,2790885.65682,2790885.65682,0.40444
sh603986,603986,兆易创新,97.820,0.78,0.804,97.820,97.830,97.040,98.300,99.860,95.520,15758720,1542923820,15:00:01,407.583,4.253,6523677.896136,6507332.800184,2.36889
sh603993,603993,洛阳钼业,9.050,0.27,3.075,9.050,9.060,8.780,8.820,9.100,8.740,132168960,1186601876,15:00:00,23.816,3.206,19547312.727615,15987524.187615,0.74816
sh605117,605117,德业股份,80.630,7.33,10.0,80.630,0.000,73.300,73.800,80.630,72.000,14935057,1152084865,15:00:01,19.336,8.989,5145083.389215,4854838.610655,2.48044
sh605499,605499,东鹏饮料,225.990,15.51,7.369,225.990,226.020,210.480,222.220,227.770,220.000,2649628,593647201,15:00:00,44.318,12.936,9039825.99,9039825.99,0.66239
sh688008,688008,澜起科技,62.220,1.62,2.673,62.210,62.220,60.600,61.500,62.580,60.400,23079281,1424509202,15:34:57,155.55,6.963,7102171.125972,7102171.125972,2.02191
sh688009,688009,中国通号,6.450,0.2,3.2,6.440,6.450,6.250,6.320,6.500,6.250,44493415,284657499,15:00:01,20.156,1.529,6830433.255,5560556.61,0.5161
sh688012,688012,中微公司,139.660,-2.36,-1.662,139.630,139.660,142.020,144.680,144.690,135.010,8498416,1184227049,15:00:01,48.325,4.84,8677152.613,8677152.613,1.36783
sh688036,688036,传音控股,82.340,2.2,2.745,82.340,82.350,80.140,82.000,84.900,80.410,11935813,987603522,15:00:01,11.968,4.681,9297760.99952,9297760.99952,1.05702
sh688041,688041,海光信息,72.990,0.17,0.233,72.980,72.990,72.820,74.450,74.600,72.020,14592528,1068572219,15:34:57,135.167,8.903,16965343.726209,6423390.471744,1.65817
sh688082,688082,盛美上海,88.010,1.06,1.219,88.000,88.010,86.950,87.900,88.800,86.380,1349075,118245133,15:00:01,42.11,5.795,3838587.507963,667686.034392,1.77826
sh688111,688111,金山办公,191.380,4.05,2.162,191.350,191.380,187.330,190.420,193.570,187.140,4632902,882078908,15:34:57,66.916,8.554,8842865.62124,8842865.62124,1.00267
sh688126,688126,沪硅产业,14.900,0.09,0.608,14.900,14.910,14.810,15.050,15.090,14.850,13089147,195770127,15:00:01,219.118,3.078,4093294.00714,4053244.61451,0.48117
sh688187,688187,时代电气,54.400,-0.2,-0.366,54.310,54.400,54.600,55.100,55.800,53.760,6149473,335879320,15:00:01,24.84,2.055,7678778.20928,1414079.27936,2.36572
sh688223,688223,晶科能源,7.380,0.14,1.934,7.380,7.390,7.240,7.350,7.500,7.280,29936729,221516876,15:00:01,9.973,2.139,7383837.498894,2294182.122894,0.96301
sh688256,688256,寒武纪,201.650,-9.49,-4.495,201.630,201.650,211.140,213.500,215.000,198.900,8169273,1674155377,15:34:57,-97.415,15.352,8400627.104415,8400627.104415,1.96097
sh688271,688271,联影医疗,107.390,2.27,2.159,107.380,107.390,105.120,108.940,109.130,106.360,2627453,283151698,15:00:01,44.746,4.604,8850632.633132,6359959.860064,0.44365
sh688303,688303,大全能源,19.340,0.54,2.872,19.340,19.360,18.800,19.080,19.590,18.930,4134743,79768889,15:00:01,7.163,0.938,4148309.54081,1005559.54081,0.79524
sh688363,688363,华熙生物,60.890,1.08,1.806,60.890,60.900,59.810,60.330,61.100,60.250,1752019,106387524,15:00:01,49.504,4.138,2932938.815538,1206707.315538,0.88406
sh688396,688396,华润微,38.630,0.41,1.073,38.620,38.630,38.220,38.770,39.030,38.280,4022106,155532035,15:00:01,34.473,2.353,5112746.186452,5112746.186452,0.3039
sh688599,688599,天合光能,16.580,0.64,4.015,16.580,16.590,15.940,16.290,16.870,16.160,23168453,382812415,15:34:57,6.502,1.15,3613387.262848,3613387.262848,1.06308
sh688981,688981,中芯国际,48.270,0.28,0.583,48.260,48.270,47.990,48.470,49.220,48.110,29990758,1457020915,15:00:00,79.131,2.692,38405204.099064,9526611.473244,1.51959
sz000001,000001,平安银行,10.130,-0.01,-0.099,10.120,10.130,10.140,10.210,10.230,10.070,72139225,731789332,15:00:00,4.502,0.473,19658195.134574,19657819.06035,0.37175
sz000002,000002,万 科Ａ,6.810,0.16,2.406,6.800,6.810,6.650,6.730,6.870,6.640,149795408,1014005532,15:00:00,6.612,0.324,8124813.149751,6617233.324065,1.54159
sz000063,000063,中兴通讯,29.120,0.27,0.936,29.110,29.120,28.850,29.180,29.610,28.820,130686794,3814025781,15:00:00,14.857,1.965,13928828.519424,11726684.4968,3.24525
sz000100,000100,TCL科技,4.290,0.14,3.373,4.280,4.290,4.150,4.200,4.300,4.130,299411434,1268483226,15:00:00,35.9,1.501,8056225.649043,7765392.302382,1.6541
sz000157,000157,中联重科,7.610,0.29,3.962,7.610,7.620,7.320,7.370,7.700,7.370,52125061,393537974,15:00:00,17.698,1.155,6603952.091596,5380658.157943,0.73722
sz000166,000166,申万宏源,4.290,0.03,0.704,4.290,4.300,4.260,4.300,4.330,4.260,56366821,242407147,15:00:00,23.833,1.053,10742136.21624,9667732.638564,0.25012
sz000301,000301,东方盛虹,7.960,0.37,4.875,7.960,7.970,7.590,7.650,7.980,7.630,17185326,134830556,15:00:00,72.364,1.515,5262526.882096,4375621.375288,0.31263
sz000333,000333,美的集团,63.900,0.09,0.141,63.890,63.900,63.810,63.850,64.450,62.520,27182655,1727208383,15:00:00,12.961,2.586,44603270.88093,43786870.8894,0.39669
sz000338,000338,潍柴动力,14.280,0.18,1.277,14.280,14.290,14.100,14.270,14.400,14.090,58068459,827937128,15:00:00,13.731,1.504,12461523.140388,7099490.761608,1.168
sz000408,000408,藏格矿业,25.350,0.88,3.596,25.340,25.350,24.470,24.700,25.500,24.400,14822902,371348060,15:00:00,11.628,2.946,4006402.910055,4006361.082555,0.93791
sz000425,000425,徐工机械,6.850,0.18,2.699,6.850,6.860,6.670,6.710,6.930,6.620,94614093,643171452,15:00:00,15.222,1.4,8094073.773705,5562261.356135,1.16519
sz000538,000538,云南白药,51.780,0.76,1.49,51.780,51.790,51.020,51.470,52.060,51.240,6448541,333278545,15:00:00,22.611,2.222,9238911.758334,9178399.79661,0.36379
sz000568,000568,泸州老窖,136.850,3.35,2.509,136.840,136.850,133.500,135.000,139.200,134.280,12913766,1771407195,15:00:00,15.172,4.357,20144152.618765,20077822.25855,0.8802
sz000596,000596,古井贡酒,202.210,5.07,2.572,202.210,202.240,197.140,200.000,205.710,196.730,1846360,372839112,15:00:00,23.296,4.534,10688820.6,8262300.6,0.45187
sz000617,000617,中油资本,5.380,0.15,2.868,5.370,5.380,5.230,5.330,5.410,5.300,37085718,198763401,15:00:00,13.795,0.669,6801438.544502,6801438.544502,0.29335
sz000625,000625,长安汽车,15.180,1.02,7.203,15.180,15.190,14.160,14.700,15.360,14.660,437876550,6601559510,15:00:00,13.2,2.056,15054444.752094,12466564.269258,5.33183
sz000651,000651,格力电器,38.680,0.8,2.112,38.680,38.690,37.880,38.180,38.780,38.020,33347640,1283249678,15:00:00,7.41,1.792,21782277.406188,21595622.73016,0.59729
sz000661,000661,长春高新,93.950,2.43,2.655,93.940,93.950,91.520,93.200,95.060,92.400,5314631,498771084,15:00:00,8.381,1.664,3799554.93055,3776230.4338,1.32224
sz000708,000708,中信特钢,13.120,0.23,1.784,13.120,13.130,12.890,13.000,13.220,13.000,8685705,113996751,15:00:00,11.611,1.676,6621869.409344,6621869.409344,0.17209
sz000725,000725,京东方Ａ,4.310,0.12,2.864,4.310,4.320,4.190,4.230,4.320,4.210,516657788,2203627224,15:00:00,71.833,1.264,16227141.990296,15883516.185146,1.40195
sz000733,000733,振华科技,38.240,1.3,3.519,38.230,38.240,36.940,37.440,38.740,37.440,9772670,372926067,15:00:00,7.458,1.464,2119143.904144,2117632.659344,1.76474
sz000768,000768,中航西飞,24.500,0.8,3.376,24.490,24.500,23.700,23.930,24.600,23.750,20102508,487404298,15:00:00,78.905,3.433,6815263.17395,6783164.8052,0.72608
sz000776,000776,广发证券,11.870,0.18,1.54,11.870,11.880,11.690,11.790,11.950,11.730,21419305,254325970,15:00:00,14.301,0.783,9046231.057168,7026198.967768,0.36186
sz000786,000786,北新建材,26.980,-0.08,-0.296,26.980,27.000,27.060,27.300,27.440,26.750,13161487,355416443,15:00:00,12.934,1.881,4558292.157716,4404347.56388,0.80624
sz000792,000792,盐湖股份,16.270,0.37,2.327,16.270,16.280,15.900,16.170,16.650,16.020,37081052,605660665,15:00:00,10.933,2.692,8839290.345344,8839144.289554,0.68254
sz000800,000800,一汽解放,8.070,0.26,3.329,8.060,8.070,7.810,7.890,8.080,7.840,13883416,111301534,15:00:00,48.879,1.514,3731458.017198,3730268.164293,0.30035
sz000807,000807,云铝股份,14.220,0.55,4.023,14.210,14.220,13.670,13.930,14.320,13.640,50914162,718371869,15:00:00,12.474,1.833,4931435.42991,4931365.106322,1.46815
sz000858,000858,五 粮 液,130.480,3.94,3.114,130.470,130.480,126.540,127.500,131.500,127.170,25779636,3349449291,15:00:00,16.765,3.527,50647221.24924,50646150.034536,0.66416
sz000876,000876,新 希 望,9.400,0.13,1.402,9.390,9.400,9.270,9.320,9.470,9.320,19449183,182983675,15:00:00,235.0,2.195,4273030.59244,4240518.19768,0.43113
sz000895,000895,双汇发展,24.110,0.31,1.303,24.110,24.120,23.800,23.820,24.290,23.820,8090735,194845815,15:00:00,16.532,3.777,8353298.184543,8352002.346784,0.23356
sz000938,000938,紫光股份,22.440,0.31,1.401,22.430,22.440,22.130,22.550,22.580,22.060,47475663,1059850419,15:00:00,30.531,1.868,6418019.237256,6418019.237256,1.65994
sz000963,000963,华东医药,27.280,0.55,2.058,27.280,27.290,26.730,27.240,27.590,26.910,11750935,320917719,15:00:00,16.82,2.18,4785805.550944,4776466.079264,0.67114
sz000977,000977,浪潮信息,38.950,-0.25,-0.638,38.950,38.960,39.200,39.950,39.990,38.260,121091940,4710186557,15:00:00,32.997,3.136,5733966.30019,5726599.39846,8.23618
sz000983,000983,山西焦煤,9.990,0.29,2.99,9.980,9.990,9.700,9.800,10.030,9.650,42183551,417076308,15:00:00,8.134,1.46,5671423.957941,4635570.787002,0.90909
sz000999,000999,华润三九,41.530,0.42,1.022,41.520,41.530,41.110,41.450,41.960,40.710,6719414,278327405,15:00:00,14.321,2.622,5335106.5976,5295854.331215,0.52694
sz001289,001289,龙源电力,17.310,0.19,1.11,17.300,17.310,17.120,17.290,17.360,17.110,5646484,97476725,15:00:00,23.804,2.025,14470841.779884,230804.655813,4.23478
sz001965,001965,招商公路,11.650,-0.11,-0.935,11.650,11.660,11.760,11.760,11.810,11.580,15575492,181626441,15:00:00,11.04,1.216,7945693.06401,7945693.06401,0.22837
sz001979,001979,招商蛇口,8.810,0.13,1.498,8.800,8.810,8.680,8.770,8.850,8.680,45502339,399178481,15:00:00,13.554,0.809,7982596.671937,7332175.096581,0.54673
sz002001,002001,新 和 成,20.490,0.82,4.169,20.480,20.490,19.670,19.910,20.550,19.810,43668339,882446910,15:00:00,23.552,2.465,6333269.172444,6258665.590596,1.42964
sz002007,002007,华兰生物,16.330,0.92,5.97,16.320,16.330,15.410,15.640,16.410,15.570,20803759,334078883,15:00:00,20.108,2.568,2986399.252158,2569667.397902,1.32206
sz002027,002027,分众传媒,5.740,-0.28,-4.651,5.740,5.750,6.020,6.060,6.090,5.600,355669885,2051792266,15:00:00,17.175,4.426,8289822.642724,8289822.642724,2.46271
sz002049,002049,紫光国微,51.820,0.91,1.787,51.820,51.830,50.910,52.010,52.260,51.250,13766395,712900524,15:00:00,17.322,3.738,4402740.03805,4401963.51535,1.62058
sz002050,002050,三花智控,19.780,0.38,1.959,19.770,19.780,19.400,19.600,19.950,19.330,56980621,1121152584,15:00:00,24.42,4.046,7383113.52823,7260381.591274,1.55237
sz002074,002074,国轩高科,18.800,0.48,2.62,18.800,18.810,18.320,18.670,18.960,18.540,15855235,297777336,15:00:00,35.472,1.374,3366248.48352,2497607.86348,1.19346
sz002129,002129,TCL中环,8.500,0.27,3.281,8.500,8.510,8.230,8.310,8.630,8.250,82060631,693740492,15:00:00,9.979,0.847,3436648.40705,3433761.49425,2.03134
sz002142,002142,宁波银行,21.200,-0.13,-0.609,21.200,21.210,21.330,21.510,21.660,21.010,30677929,651506907,15:00:00,5.653,0.755,13999612.47904,13833053.6572,0.47016
sz002179,002179,中航光电,36.520,0.28,0.773,36.520,36.530,36.240,36.540,36.810,36.070,7227523,263869455,15:00:00,22.595,3.595,7741003.418192,7537152.3535,0.3502
sz002180,002180,纳思达,27.660,-0.28,-1.002,27.660,27.670,27.940,28.320,28.420,27.100,11687484,321681479,15:00:00,-6.294,4.071,3918065.868924,3621073.84095,0.89276
sz002230,002230,科大讯飞,39.250,0.39,1.004,39.240,39.250,38.860,39.500,39.620,39.080,26667686,1048726611,15:00:00,140.179,5.422,9073556.676125,8574107.10255,1.22078
sz002236,002236,大华股份,15.240,0.44,2.973,15.240,15.250,14.800,15.080,15.300,14.910,35908133,543107709,15:00:00,6.597,1.421,5020770.74076,3173062.055184,1.72464
sz002241,002241,歌尔股份,21.950,0.5,2.331,21.940,21.950,21.450,21.600,22.220,21.280,132833643,2888220142,15:00:00,68.594,2.442,7500610.422855,6606892.40759,4.41312
sz002252,002252,上海莱士,7.740,-0.01,-0.129,7.740,7.750,7.750,7.790,7.830,7.660,40273658,310891013,15:00:00,28.667,1.69,5143602.106692,5141551.084092,0.60627
sz002271,002271,东方雨虹,12.760,0.64,5.281,12.750,12.760,12.120,12.310,12.800,12.250,55196799,694775697,15:00:00,14.022,1.101,3108738.613728,2465516.831272,2.85665
sz002304,002304,洋河股份,79.860,2.18,2.806,79.850,79.860,77.680,78.570,80.260,78.370,6953761,552952524,15:00:00,12.011,2.075,12030470.360964,11996216.522268,0.46292
sz002311,002311,海大集团,44.920,-0.07,-0.156,44.910,44.920,44.990,45.030,45.550,44.000,8919495,400567158,15:00:00,27.06,3.776,7473564.86524,7468221.757016,0.53649
sz002352,002352,顺丰控股,35.100,0.25,0.717,35.100,35.110,34.850,35.300,35.490,34.880,9285423,327032305,15:00:00,20.647,1.852,16903848.3822,16807723.22385,0.19391
sz002371,002371,北方华创,313.270,-6.31,-1.974,313.260,313.270,319.580,323.190,323.600,301.050,10753870,3355118373,15:00:00,42.551,6.501,16635837.262678,16621387.683928,2.02683
sz002410,002410,广联达,9.600,0.87,9.966,9.600,0.000,8.730,8.920,9.600,8.900,48643688,451128987,15:00:00,136.752,2.73,1598274.72576,1525281.57984,3.06159
sz002415,002415,海康威视,30.100,0.68,2.311,30.100,30.110,29.420,29.820,30.300,29.600,28907862,868321777,15:00:00,19.803,3.578,28085108.80231,27416038.13718,0.31738
sz002459,002459,晶澳科技,10.380,0.36,3.593,10.370,10.380,10.020,10.190,10.540,10.090,75231734,776436561,15:00:00,4.85,1.003,3435437.391492,3432647.034702,2.27494
sz002460,002460,赣锋锂业,29.190,1.37,4.925,29.190,29.200,27.820,28.090,29.690,28.050,36824208,1074035494,15:00:00,11.866,1.227,5888112.746901,3528239.438199,3.04656
sz002466,002466,天齐锂业,29.600,1.68,6.017,29.590,29.600,27.920,28.280,30.300,28.280,50430205,1489345283,15:00:00,6.652,1.016,4858015.88568,4369809.52,3.41602
sz002475,002475,立讯精密,41.780,1.0,2.452,41.780,41.790,40.780,41.050,42.940,40.590,105249414,4391554900,15:00:00,27.13,5.15,30095452.760632,30030403.682092,1.46429
sz002493,002493,荣盛石化,9.620,0.37,4.0,9.610,9.620,9.250,9.380,9.630,9.300,23890550,227402059,15:00:00,80.167,2.186,9740755.05,9137346.5625,0.25152
sz002555,002555,三七互娱,12.940,0.42,3.355,12.940,12.950,12.520,12.760,12.940,12.680,30576741,392885195,15:00:00,10.783,2.167,2869916.379614,2079908.921474,1.90231
sz002594,002594,比亚迪,253.060,0.56,0.222,253.050,253.060,252.500,255.000,256.260,251.680,10035945,2546645362,15:00:00,24.521,5.145,73621881.72663,29417480.143196,0.86333
sz002601,002601,龙佰集团,19.000,0.55,2.981,19.000,19.010,18.450,18.600,19.050,18.390,15500293,292176203,15:00:00,13.768,1.869,4533957.1864,4493225.9459,0.65544
sz002603,002603,以岭药业,15.300,0.35,2.341,15.300,15.310,14.950,15.010,15.350,15.010,12071382,183839150,15:00:00,18.901,2.175,2556179.22528,2106469.65609,0.87679
sz002648,002648,卫星化学,17.940,0.23,1.299,17.940,17.950,17.710,17.900,18.140,17.470,20184699,360233047,15:00:00,12.634,2.278,6043350.36786,6039287.36151,0.5996
sz002709,002709,天赐材料,16.720,0.88,5.556,16.720,16.730,15.840,16.140,17.070,16.000,42317526,700349007,15:00:00,16.889,2.417,3208273.29328,2315746.17516,3.05538
sz002714,002714,牧原股份,44.110,0.42,0.961,44.100,44.110,43.690,44.310,44.570,43.800,21849282,965398485,15:00:00,-55.835,4.007,24107670.137749,16809071.372522,0.57336
sz002736,002736,国信证券,8.140,0.0,0.0,8.130,8.140,8.140,8.200,8.230,8.110,21767264,177583460,15:00:00,15.074,0.941,7824517.512878,7439017.230898,0.23818
sz002812,002812,恩捷股份,30.800,1.4,4.762,30.790,30.800,29.400,29.990,31.000,29.770,17834133,544276882,15:00:00,11.493,1.119,3011488.76644,2541421.8368,2.16135
sz002821,002821,凯莱英,66.520,4.91,7.969,66.520,66.530,61.610,62.800,67.250,62.770,7348504,481370220,15:00:00,10.626,1.398,2457724.637516,2185464.862996,2.2367
sz002841,002841,视源股份,28.780,0.85,3.043,28.780,28.790,27.930,28.390,28.890,28.070,2878046,82299841,15:00:00,14.609,1.607,2018165.97151,1389332.417106,0.59619
sz002916,002916,深南电路,126.990,6.26,5.185,126.980,126.990,120.730,120.990,127.130,120.110,15933781,1979009132,15:00:00,46.516,4.802,6513031.816965,6487087.810761,3.11917
sz002920,002920,德赛西威,101.480,0.17,0.168,101.480,101.490,101.310,102.960,103.000,97.530,18776267,1881553902,15:00:00,36.114,6.74,5632201.9028,5596750.42294,3.4045
sz002938,002938,鹏鼎控股,40.890,-1.59,-3.743,40.890,40.900,42.480,43.500,43.580,38.770,49347449,2013141406,15:00:00,28.796,3.149,9480595.176624,9466489.251099,2.13154
sz003816,003816,中国广核,4.890,0.06,1.242,4.890,4.900,4.830,4.820,4.900,4.740,138562770,668444698,15:00:00,23.066,2.111,24693820.8279,19234808.2029,0.35226
sz300014,300014,亿纬锂能,37.330,2.09,5.931,37.330,37.340,35.240,35.880,37.720,35.420,30725149,1130934083,15:35:15,18.854,2.133,7636678.348301,6949170.894643,1.65051
sz300015,300015,爱尔眼科,10.870,1.01,10.243,10.870,10.880,9.860,10.120,11.200,10.120,228895165,2456854768,15:35:30,29.83,5.151,10138464.756065,8592739.469744,2.89557
sz300033,300033,同花顺,99.130,2.9,3.014,99.130,99.140,96.230,98.300,101.350,97.800,8061857,801867203,15:35:30,37.981,8.535,5329228.8,2711102.216453,2.94777
sz300059,300059,东方财富,10.430,0.31,3.063,10.430,10.440,10.120,10.300,10.590,10.230,254023709,2645763875,15:35:45,20.058,2.241,16464320.801425,13933727.666369,1.90148
sz300122,300122,智飞生物,27.300,1.04,3.96,27.290,27.300,26.260,26.980,27.560,26.490,25796567,699827524,15:35:15,8.119,2.001,6535046.00931,3861065.26806,1.82397
sz300124,300124,汇川技术,51.520,0.53,1.039,51.520,51.530,50.990,51.220,52.390,51.220,13492890,697230533,15:35:45,28.944,5.449,13797788.001312,11680119.18976,0.59516
sz300142,300142,沃森生物,11.420,0.49,4.483,11.410,11.420,10.930,11.140,11.550,11.100,22220487,252187463,15:35:15,43.571,1.958,1833307.968728,1788718.327488,1.41866
sz300223,300223,北京君正,55.870,0.45,0.812,55.870,55.880,55.420,56.300,56.760,55.600,7260158,407172964,15:35:15,50.081,2.278,2690531.092757,2344252.676613,1.7303
sz300274,300274,阳光电源,59.820,2.25,3.908,59.810,59.820,57.570,58.160,60.660,57.250,31566541,1874485710,15:35:45,9.406,4.162,12401950.738368,9510758.7693,1.98545
sz300308,300308,中际旭创,153.260,-4.27,-2.711,153.260,153.270,157.530,159.210,159.680,149.300,29084256,4476813445,15:35:00,54.736,10.941,17182997.916934,17099441.315908,2.60678
sz300316,300316,晶盛机电,29.430,0.76,2.651,29.430,29.440,28.670,29.250,30.070,29.050,14935982,440043359,15:35:30,8.433,2.405,3853957.964571,3624467.639319,1.21277
sz300347,300347,泰格医药,48.660,1.4,2.962,48.650,48.660,47.260,48.000,49.560,47.440,10063553,489766295,15:35:30,20.795,1.992,4208839.74162,2774285.308716,1.76511
sz300408,300408,三环集团,30.410,1.15,3.93,30.410,30.420,29.260,29.600,30.770,29.380,21145482,636922943,15:35:15,37.085,3.127,5828068.505211,5686086.179697,1.13089
sz300413,300413,芒果超媒,20.280,0.59,2.996,20.280,20.290,19.690,20.100,20.420,19.850,12002232,241849362,15:35:30,10.674,1.727,3793821.81282,2072007.514824,1.17473
sz300418,300418,昆仑万维,30.400,0.43,1.435,30.400,30.410,29.970,30.780,30.820,30.260,31507579,960877495,15:35:45,28.952,2.496,3743744.96416,3743744.96416,2.55848
sz300433,300433,蓝思科技,19.860,0.29,1.482,19.860,19.870,19.570,19.910,20.320,19.190,84105474,1663341714,15:35:15,32.557,2.12,9896376.585066,9852327.543972,1.69537
sz300442,300442,润泽科技,23.330,0.32,1.391,23.330,23.340,23.010,23.600,23.790,23.110,12686060,296000337,15:35:30,22.65,4.457,4014107.655117,837063.896358,3.53576
sz300450,300450,先导智能,16.420,0.58,3.662,16.410,16.420,15.840,16.190,16.580,16.080,23249625,380209446,15:35:30,14.491,2.07,2571639.701828,2560462.88861,1.49098
sz300454,300454,深信服,49.710,0.48,0.975,49.710,49.720,49.230,50.010,50.450,49.490,2227852,111051369,15:35:30,105.766,2.549,2087066.108082,1373287.590075,0.80643
sz300496,300496,中科创达,47.650,0.92,1.969,47.650,47.660,46.730,47.560,47.750,46.460,23040424,1087712446,15:35:00,46.849,2.274,2188087.49491,1745334.56864,6.29035
sz300498,300498,温氏股份,19.470,-0.14,-0.714,19.470,19.480,19.610,19.770,19.860,19.410,26129511,510991315,15:35:30,-20.058,4.16,12953227.677852,10588257.244092,0.48048
sz300628,300628,亿联网络,37.350,0.25,0.674,37.340,37.350,37.100,37.460,37.580,36.860,3096617,115315972,15:35:00,23.482,5.429,4720349.77947,2700411.711795,0.4283
sz300661,300661,圣邦股份,77.000,0.88,1.156,77.000,77.010,76.120,77.200,78.300,75.750,3620769,279261135,15:35:00,128.098,9.194,3624598.6161,3474868.4509,0.80233
sz300750,300750,宁德时代,177.010,3.96,2.288,177.010,177.020,173.050,175.000,178.980,173.490,20811148,3678618340,15:35:00,15.014,3.748,77863286.636622,68942819.362892,0.53432
sz300751,300751,迈为股份,108.770,3.24,3.07,108.770,108.780,105.530,108.980,109.580,104.880,3000293,323235491,15:35:15,33.061,4.112,3036834.535862,2100840.438293,1.55339
sz300759,300759,康龙化成,19.780,1.08,5.775,19.770,19.780,18.700,19.190,19.880,18.900,18602423,364054451,15:35:00,21.897,2.813,3535465.919466,2825737.93553,1.30216
sz300760,300760,迈瑞医疗,282.110,3.21,1.151,282.080,282.110,278.900,279.910,282.500,274.800,3178970,891197756,15:35:15,29.514,9.455,34204184.166134,34204156.660409,0.2622
sz300782,300782,卓胜微,75.550,1.78,2.413,75.550,75.560,73.770,75.000,76.060,74.220,8427464,634365847,15:35:30,35.932,4.032,4038364.411605,3381395.376815,1.88294
sz300832,300832,新产业,61.600,0.3,0.489,61.600,61.620,61.300,61.990,62.610,60.540,2658122,164195907,15:35:45,29.258,6.077,4840027.7156,4187552.21808,0.39102
sz300896,300896,爱美客,169.000,8.66,5.401,169.000,169.010,160.340,166.350,174.600,165.340,5706294,965574375,15:35:30,19.651,7.427,5111196.285,3523046.1461,2.7373
sz300919,300919,中伟股份,29.230,0.95,3.359,29.220,29.230,28.280,28.840,29.690,28.740,7392277,215956843,15:35:00,10.079,1.348,2736511.734792,2652260.100614,0.81469
sz300957,300957,贝泰妮,47.080,2.65,5.964,47.060,47.080,44.430,45.270,47.390,45.170,4954411,229728044,15:35:30,26.302,3.347,1994308.8,1994308.8,1.1696
sz300979,300979,华利集团,60.170,1.01,1.707,60.150,60.170,59.160,59.430,60.350,58.640,1967732,117566890,15:35:45,21.96,4.453,7021839.0,7021792.96995,0.16862
sz300999,300999,金龙鱼,26.610,0.57,2.189,26.610,26.620,26.040,25.700,26.980,25.500,13133187,346991565,15:35:45,50.208,1.562,14426855.077296,1443983.925117,2.42021
sz301269,301269,华大九天,73.220,2.45,3.462,73.220,73.240,70.770,72.150,73.840,71.020,2144533,155488665,15:35:15,197.892,8.213,3975419.625296,1920717.627612,0.81752
