symbol,name,trade,pricechange,changepercent,buy,sell,settlement,open,high,low,volume,amount,code,ticktime
sz000001,平安银行,10.130,-0.010,-0.099,10.120,10.130,10.140,10.210,10.230,10.070,72139225,731789332,000001,15:00:00
sz000002,万 科Ａ,6.810,0.160,2.406,6.800,6.810,6.650,6.730,6.870,6.640,149795408,1014005532,000002,15:00:00
sz000009,中国宝安,8.360,0.290,3.594,8.350,8.360,8.070,8.240,8.480,8.220,17285020,144515104,000009,15:00:00
sz000012,南 玻Ａ,5.150,0.130,2.590,5.150,5.160,5.020,5.070,5.160,5.070,11929522,61141865,000012,15:00:00
sz000021,深科技,15.310,0.430,2.890,15.310,15.320,14.880,15.120,15.350,14.820,76484781,1156838076,000021,15:00:00
sz000027,深圳能源,7.080,0.090,1.288,7.080,7.090,6.990,7.060,7.110,6.960,24948106,175508923,000027,15:00:00
sz000028,国药一致,31.390,-0.270,-0.853,31.390,31.400,31.660,31.930,32.130,30.770,4064590,127139491,000028,15:00:00
sz000032,深桑达Ａ,14.990,0.370,2.531,14.990,15.000,14.620,14.860,15.030,14.750,11146200,166485441,000032,15:00:00
sz000034,神州数码,23.570,1.140,5.082,23.560,23.570,22.430,22.840,23.900,22.590,33558006,785108562,000034,15:00:00
sz000035,中国天楹,4.760,0.190,4.158,4.750,4.760,4.570,4.680,4.770,4.630,24648185,115888603,000035,15:00:00
sz000039,中集集团,8.500,0.170,2.041,8.500,8.510,8.330,8.420,8.610,8.370,21383668,181652302,000039,15:00:00
sz000050,深天马Ａ,7.590,0.420,5.858,7.590,7.600,7.170,7.320,7.610,7.240,21452953,160032845,000050,15:00:00
sz000060,中金岭南,4.440,0.160,3.738,4.430,4.440,4.280,4.340,4.450,4.310,43870758,192846828,000060,15:00:00
sz000062,深圳华强,8.870,0.250,2.900,8.870,8.880,8.620,8.740,8.890,8.710,4575650,40385338,000062,15:00:00
sz000063,中兴通讯,29.120,0.270,0.936,29.110,29.120,28.850,29.180,29.610,28.820,130686794,3814025781,000063,15:00:00
sz000066,中国长城,8.590,0.140,1.657,8.590,8.600,8.450,8.550,8.690,8.530,20710733,178359362,000066,15:00:00
sz000069,华侨城Ａ,2.020,0.080,4.124,2.010,2.020,1.940,1.970,2.030,1.960,49052715,97942558,000069,15:00:00
sz000088,盐 田 港,4.530,0.080,1.798,4.530,4.540,4.450,4.500,4.550,4.480,6446516,29119347,000088,15:00:00
sz000089,深圳机场,6.610,0.160,2.481,6.600,6.610,6.450,6.500,6.630,6.490,15161525,99536880,000089,15:00:00
sz000100,TCL科技,4.290,0.140,3.373,4.280,4.290,4.150,4.200,4.300,4.130,299411434,1268483226,000100,15:00:00
sz000155,川能动力,10.820,0.330,3.146,10.810,10.820,10.490,10.680,10.890,10.620,11987124,129235871,000155,15:00:00
sz000156,华数传媒,6.220,0.180,2.980,6.210,6.220,6.040,6.160,6.230,6.080,8902006,54969050,000156,15:00:00
sz000157,中联重科,7.610,0.290,3.962,7.610,7.620,7.320,7.370,7.700,7.370,52125061,393537974,000157,15:00:00
sz000166,申万宏源,4.290,0.030,0.704,4.290,4.300,4.260,4.300,4.330,4.260,56366821,242407147,000166,15:00:00
sz000301,东方盛虹,7.960,0.370,4.875,7.960,7.970,7.590,7.650,7.980,7.630,17185326,134830556,000301,15:00:00
sz000333,美的集团,63.900,0.090,0.141,63.890,63.900,63.810,63.850,64.450,62.520,27182655,1727208383,000333,15:00:00
sz000338,潍柴动力,14.280,0.180,1.277,14.280,14.290,14.100,14.270,14.400,14.090,58068459,827937128,000338,15:00:00
sz000400,许继电气,33.730,-0.290,-0.852,33.720,33.730,34.020,34.210,34.290,32.780,22396292,746758457,000400,15:00:00
sz000401,冀东水泥,4.270,0.140,3.390,4.270,4.280,4.130,4.180,4.280,4.160,9568635,40556010,000401,15:00:00
sz000402,金 融 街,2.280,0.090,4.110,2.270,2.280,2.190,2.230,2.290,2.210,25355703,57193397,000402,15:00:00
sz000403,派林生物,27.900,0.100,0.360,27.890,27.900,27.800,28.800,28.800,27.370,7575207,210638057,000403,15:00:00
sz000408,藏格矿业,25.350,0.880,3.596,25.340,25.350,24.470,24.700,25.500,24.400,14822902,371348060,000408,15:00:00
sz000422,湖北宜化,13.370,-0.040,-0.298,13.360,13.370,13.410,13.460,13.660,13.180,54970700,738554708,000422,15:00:00
sz000423,东阿阿胶,56.320,-1.440,-2.493,56.310,56.320,57.760,58.000,58.400,56.180,10050798,571139666,000423,15:00:00
sz000425,徐工机械,6.850,0.180,2.699,6.850,6.860,6.670,6.710,6.930,6.620,94614093,643171452,000425,15:00:00
sz000426,兴业银锡,14.750,0.740,5.282,14.750,14.760,14.010,14.200,14.880,14.070,36189028,527403122,000426,15:00:00
sz000429,粤高速Ａ,10.900,-0.230,-2.066,10.890,10.900,11.130,11.150,11.180,10.850,12115482,132830726,000429,15:00:00
sz000513,丽珠集团,35.710,0.030,0.084,35.700,35.710,35.680,35.990,36.210,35.550,4127548,148187312,000513,15:00:00
sz000519,中兵红箭,12.810,0.500,4.062,12.810,12.820,12.310,12.480,12.880,12.480,36518954,463861341,000519,15:00:00
sz000528,柳 工,10.870,0.300,2.838,10.860,10.870,10.570,10.650,10.910,10.470,33476917,358818996,000528,15:00:00
sz000537,中绿电,9.310,0.480,5.436,9.300,9.310,8.830,8.970,9.330,8.810,13524626,122909149,000537,15:00:00
sz000538,云南白药,51.780,0.760,1.490,51.780,51.790,51.020,51.470,52.060,51.240,6448541,333278545,000538,15:00:00
sz000539,粤电力Ａ,5.080,0.110,2.213,5.070,5.080,4.970,5.030,5.080,4.980,21383374,107803620,000539,15:00:00
sz000543,皖能电力,9.130,-0.200,-2.144,9.120,9.130,9.330,9.350,9.420,8.780,44145035,396751190,000543,15:00:00
sz000547,航天发展,5.890,0.220,3.880,5.890,5.900,5.670,5.750,5.910,5.750,15115566,88340582,000547,15:00:00
sz000552,甘肃能化,3.280,0.030,0.923,3.270,3.280,3.250,3.280,3.310,3.210,36017540,117811797,000552,15:00:00
sz000555,神州信息,8.890,0.350,4.098,8.880,8.890,8.540,8.690,9.390,8.650,33990000,305463868,000555,15:00:00
sz000559,万向钱潮,4.530,0.060,1.342,4.530,4.540,4.470,4.540,4.590,4.500,13283095,60323856,000559,15:00:00
sz000563,陕国投Ａ,2.740,0.050,1.859,2.730,2.740,2.690,2.720,2.750,2.710,34344212,93805993,000563,15:00:00
sz000567,海德股份,5.330,0.190,3.696,5.320,5.330,5.140,5.240,5.360,5.230,6650921,35275752,000567,15:00:00
sz000568,泸州老窖,136.850,3.350,2.509,136.840,136.850,133.500,135.000,139.200,134.280,12913766,1771407195,000568,15:00:00
sz000581,威孚高科,17.130,0.100,0.587,17.120,17.130,17.030,17.160,17.240,17.000,7481837,128112174,000581,15:00:00
sz000582,北部湾港,7.450,0.120,1.637,7.440,7.450,7.330,7.420,7.470,7.370,8038592,59675352,000582,15:00:00
sz000591,太阳能,4.490,0.080,1.814,4.490,4.500,4.410,4.470,4.510,4.450,20311338,91160688,000591,15:00:00
sz000596,古井贡酒,202.210,5.070,2.572,202.210,202.240,197.140,200.000,205.710,196.730,1846360,372839112,000596,15:00:00
sz000598,兴蓉环境,7.770,0.000,0.000,7.770,7.780,7.770,7.770,7.890,7.690,22650609,176011603,000598,15:00:00
sz000617,中油资本,5.380,0.150,2.868,5.370,5.380,5.230,5.330,5.410,5.300,37085718,198763401,000617,15:00:00
sz000623,吉林敖东,13.100,0.260,2.025,13.100,13.110,12.840,13.000,13.140,12.940,6586369,86055410,000623,15:00:00
sz000625,长安汽车,15.180,1.020,7.203,15.180,15.190,14.160,14.700,15.360,14.660,437876550,6601559510,000625,15:00:00
sz000627,天茂集团,1.720,0.080,4.878,1.720,1.730,1.640,1.670,1.750,1.670,37517547,64313880,000627,15:00:00
sz000629,钒钛股份,2.500,0.140,5.932,2.490,2.500,2.360,2.400,2.520,2.390,102758676,254706951,000629,15:00:00
sz000630,铜陵有色,3.760,0.140,3.867,3.750,3.760,3.620,3.660,3.780,3.640,200205453,745907191,000630,15:00:00
sz000636,风华高科,14.520,1.320,10.000,14.520,0.000,13.200,13.670,14.520,13.630,40325759,570854341,000636,15:00:00
sz000651,格力电器,38.680,0.800,2.112,38.680,38.690,37.880,38.180,38.780,38.020,33347640,1283249678,000651,15:00:00
sz000661,长春高新,93.950,2.430,2.655,93.940,93.950,91.520,93.200,95.060,92.400,5314631,498771084,000661,15:00:00
sz000683,远兴能源,7.070,0.180,2.612,7.060,7.070,6.890,6.940,7.100,6.890,28534640,200561156,000683,15:00:00
sz000686,东北证券,5.560,0.160,2.963,5.550,5.560,5.400,5.490,5.590,5.440,14573921,80762557,000686,15:00:00
sz000688,国城矿业,10.360,0.940,9.979,10.360,0.000,9.420,9.780,10.360,9.780,10857805,110108157,000688,15:00:00
sz000690,宝新能源,5.080,0.080,1.600,5.070,5.080,5.000,5.070,5.080,4.960,32812918,165171315,000690,15:00:00
sz000703,恒逸石化,7.460,0.120,1.635,7.450,7.460,7.340,7.410,7.470,7.300,23624357,174285199,000703,15:00:00
sz000708,中信特钢,13.120,0.230,1.784,13.120,13.130,12.890,13.000,13.220,13.000,8685705,113996751,000708,15:00:00
sz000709,河钢股份,1.950,0.050,2.632,1.940,1.950,1.900,1.920,1.960,1.910,45842069,88901940,000709,15:00:00
sz000723,美锦能源,4.660,0.220,4.955,4.650,4.660,4.440,4.520,4.690,4.510,43966109,202897176,000723,15:00:00
sz000725,京东方Ａ,4.310,0.120,2.864,4.310,4.320,4.190,4.230,4.320,4.210,516657788,2203627224,000725,15:00:00
sz000728,国元证券,6.030,0.100,1.686,6.020,6.030,5.930,6.000,6.070,5.980,23024649,138804367,000728,15:00:00
sz000729,燕京啤酒,8.920,0.470,5.562,8.920,8.930,8.450,8.590,8.930,8.570,25332139,222567209,000729,15:00:00
sz000733,振华科技,38.240,1.300,3.519,38.230,38.240,36.940,37.440,38.740,37.440,9772670,372926067,000733,15:00:00
sz000738,航发控制,19.750,0.260,1.334,19.740,19.750,19.490,19.660,19.840,19.430,6941931,136747393,000738,15:00:00
sz000739,普洛药业,13.550,0.540,4.151,13.540,13.550,13.010,13.200,13.560,13.120,6857032,92061054,000739,15:00:00
sz000750,国海证券,2.870,0.050,1.773,2.870,2.880,2.820,2.850,2.890,2.840,28705140,82269712,000750,15:00:00
sz000762,西藏矿业,19.390,0.500,2.647,19.380,19.390,18.890,18.700,19.580,18.580,32371679,625102614,000762,15:00:00
sz000766,通化金马,16.450,0.380,2.365,16.440,16.450,16.070,16.250,16.650,16.170,16762739,275072817,000766,15:00:00
sz000768,中航西飞,24.500,0.800,3.376,24.490,24.500,23.700,23.930,24.600,23.750,20102508,487404298,000768,15:00:00
sz000776,广发证券,11.870,0.180,1.540,11.870,11.880,11.690,11.790,11.950,11.730,21419305,254325970,000776,15:00:00
sz000778,新兴铸管,3.510,0.060,1.739,3.500,3.510,3.450,3.480,3.520,3.470,25796290,90327307,000778,15:00:00
sz000783,长江证券,4.830,0.070,1.471,4.830,4.840,4.760,4.870,4.900,4.800,30359747,146931769,000783,15:00:00
sz000785,居然之家,2.490,0.230,10.177,2.490,0.000,2.260,2.290,2.490,2.280,42529801,101039867,000785,15:00:00
sz000786,北新建材,26.980,-0.080,-0.296,26.980,27.000,27.060,27.300,27.440,26.750,13161487,355416443,000786,15:00:00
sz000792,盐湖股份,16.270,0.370,2.327,16.270,16.280,15.900,16.170,16.650,16.020,37081052,605660665,000792,15:00:00
sz000799,酒鬼酒,41.670,2.470,6.301,41.660,41.670,39.200,39.750,42.980,39.750,12171226,505302966,000799,15:00:00
sz000800,一汽解放,8.070,0.260,3.329,8.060,8.070,7.810,7.890,8.080,7.840,13883416,111301534,000800,15:00:00
sz000807,云铝股份,14.220,0.550,4.023,14.210,14.220,13.670,13.930,14.320,13.640,50914162,718371869,000807,15:00:00
sz000810,创维数字,8.430,0.320,3.946,8.430,8.440,8.110,8.260,8.450,8.200,13762437,114880554,000810,15:00:00
sz000818,航锦科技,21.300,0.300,1.429,21.300,21.310,21.000,21.460,21.770,21.270,7106763,152920390,000818,15:00:00
sz000825,太钢不锈,3.540,0.070,2.017,3.540,3.550,3.470,3.500,3.560,3.500,25161713,88908660,000825,15:00:00
sz000830,鲁西化工,12.760,0.570,4.676,12.760,12.770,12.190,12.290,12.800,12.160,33693271,424108346,000830,15:00:00
sz000831,中国稀土,24.400,0.590,2.478,24.390,24.400,23.810,24.150,24.650,23.980,21550733,525783258,000831,15:00:00
sz000858,五 粮 液,130.480,3.940,3.114,130.470,130.480,126.540,127.500,131.500,127.170,25779636,3349449291,000858,15:00:00
sz000869,张 裕Ａ,21.610,0.460,2.175,21.610,21.620,21.150,21.390,21.660,21.310,1187490,25584717,000869,15:00:00
sz000875,吉电股份,5.350,0.080,1.518,5.340,5.350,5.270,5.330,5.350,5.200,66203037,350125831,000875,15:00:00
sz000876,新 希 望,9.400,0.130,1.402,9.390,9.400,9.270,9.320,9.470,9.320,19449183,182983675,000876,15:00:00
sz000877,天山股份,5.390,0.090,1.698,5.380,5.390,5.300,5.360,5.390,5.240,9634800,51268709,000877,15:00:00
sz000878,云南铜业,13.170,0.650,5.192,13.160,13.170,12.520,12.680,13.220,12.600,51168293,665106567,000878,15:00:00
sz000883,湖北能源,5.740,-0.050,-0.864,5.740,5.750,5.790,5.780,5.820,5.660,36213126,207130280,000883,15:00:00
sz000887,中鼎股份,12.580,0.130,1.044,12.570,12.580,12.450,12.600,12.830,12.490,13600336,171589406,000887,15:00:00
sz000893,亚钾国际,16.260,0.550,3.501,16.260,16.270,15.710,16.000,16.540,15.620,13499694,218789340,000893,15:00:00
sz000895,双汇发展,24.110,0.310,1.303,24.110,24.120,23.800,23.820,24.290,23.820,8090735,194845815,000895,15:00:00
sz000898,鞍钢股份,2.160,0.040,1.887,2.160,2.170,2.120,2.130,2.170,2.130,23978112,51745412,000898,15:00:00
sz000902,新洋丰,12.190,0.280,2.351,12.190,12.200,11.910,12.010,12.220,11.910,6708400,81144052,000902,15:00:00
sz000921,海信家电,28.620,0.940,3.396,28.620,28.630,27.680,27.800,28.750,27.360,17807592,502259944,000921,15:00:00
sz000927,中国铁物,2.380,0.050,2.146,2.380,2.390,2.330,2.350,2.400,2.350,18624226,44366290,000927,15:00:00
sz000930,中粮科技,4.940,0.190,4.000,4.940,4.950,4.750,4.810,4.970,4.800,16198948,79267455,000930,15:00:00
sz000932,华菱钢铁,4.480,0.100,2.283,4.480,4.490,4.380,4.430,4.550,4.420,52863674,237107995,000932,15:00:00
sz000933,神火股份,20.670,0.600,2.990,20.670,20.680,20.070,20.290,20.900,19.770,26971525,553843942,000933,15:00:00
sz000935,四川双马,12.180,0.410,3.483,12.180,12.190,11.770,11.970,12.200,11.860,2334173,28207576,000935,15:00:00
sz000937,冀中能源,6.190,0.040,0.650,6.180,6.190,6.150,6.170,6.240,6.130,24738212,152785971,000937,15:00:00
sz000938,紫光股份,22.440,0.310,1.401,22.430,22.440,22.130,22.550,22.580,22.060,47475663,1059850419,000938,15:00:00
sz000951,中国重汽,14.070,0.360,2.626,14.070,14.080,13.710,13.880,14.200,13.880,11976655,168715540,000951,15:00:00
sz000958,电投产融,3.650,0.060,1.671,3.650,3.660,3.590,3.610,3.670,3.600,15241476,55533574,000958,15:00:00
sz000959,首钢股份,2.760,0.050,1.845,2.760,2.770,2.710,2.720,2.790,2.720,19155195,52818059,000959,15:00:00
sz000960,锡业股份,16.660,0.970,6.182,16.660,16.670,15.690,16.190,16.830,16.010,43578921,717997760,000960,15:00:00
sz000963,华东医药,27.280,0.550,2.058,27.280,27.290,26.730,27.240,27.590,26.910,11750935,320917719,000963,15:00:00
sz000966,长源电力,4.450,0.100,2.299,4.450,4.460,4.350,4.390,4.460,4.360,18141700,80137515,000966,15:00:00
sz000967,盈峰环境,4.150,0.050,1.220,4.150,4.160,4.100,4.160,4.170,4.080,12084722,49963118,000967,15:00:00
sz000970,中科三环,7.890,0.230,3.003,7.880,7.890,7.660,7.810,7.980,7.810,11398187,90023830,000970,15:00:00
sz000975,银泰黄金,18.120,0.430,2.431,18.120,18.130,17.690,17.780,18.210,17.550,35272228,633334186,000975,15:00:00
sz000977,浪潮信息,38.950,-0.250,-0.638,38.950,38.960,39.200,39.950,39.990,38.260,121091940,4710186557,000977,15:00:00
sz000983,山西焦煤,9.990,0.290,2.990,9.980,9.990,9.700,9.800,10.030,9.650,42183551,417076308,000983,15:00:00
sz000987,越秀资本,5.020,0.100,2.033,5.010,5.020,4.920,5.000,5.060,4.980,11558005,57993548,000987,15:00:00
sz000988,华工科技,30.880,0.330,1.080,30.880,30.890,30.550,31.100,31.160,30.280,30090489,923975833,000988,15:00:00
sz000997,新 大 陆,13.580,0.210,1.571,13.570,13.580,13.370,13.690,13.740,13.450,9185608,124821125,000997,15:00:00
sz000998,隆平高科,9.980,0.280,2.887,9.970,9.980,9.700,9.800,10.020,9.800,15546104,154412940,000998,15:00:00
sz000999,华润三九,41.530,0.420,1.022,41.520,41.530,41.110,41.450,41.960,40.710,6719414,278327405,000999,15:00:00
sz001203,大中矿业,9.550,0.280,3.020,9.550,9.560,9.270,9.360,9.600,9.360,3505104,33349740,001203,15:00:00
sz001213,中铁特货,3.990,-0.040,-0.993,3.980,3.990,4.030,4.010,4.050,3.970,32846800,131553817,001213,15:00:00
sz001227,兰州银行,2.320,0.020,0.870,2.310,2.320,2.300,2.330,2.340,2.310,36192802,84072349,001227,15:00:00
sz001286,陕西能源,12.070,0.090,0.751,12.060,12.070,11.980,12.030,12.100,11.860,26523441,317973112,001286,15:00:00
sz001287,中电港,16.170,0.170,1.063,16.160,16.170,16.000,16.230,16.360,16.030,5283802,85511098,001287,15:00:00
sz001289,龙源电力,17.310,0.190,1.110,17.300,17.310,17.120,17.290,17.360,17.110,5646484,97476725,001289,15:00:00
sz001308,康冠科技,22.580,0.590,2.683,22.570,22.580,21.990,22.250,22.590,22.000,2062267,46102909,001308,15:00:00
sz001322,箭牌家居,7.230,0.310,4.480,7.230,7.240,6.920,7.030,7.320,7.030,3160500,22718682,001322,15:00:00
sz001872,招商港口,21.250,-0.050,-0.235,21.250,21.260,21.300,21.410,21.810,21.110,5329726,113970671,001872,15:00:00
sz001914,招商积余,9.650,0.230,2.442,9.640,9.650,9.420,9.550,9.760,9.360,10475600,100322777,001914,15:00:00
sz001965,招商公路,11.650,-0.110,-0.935,11.650,11.660,11.760,11.760,11.810,11.580,15575492,181626441,001965,15:00:00
sz001979,招商蛇口,8.810,0.130,1.498,8.800,8.810,8.680,8.770,8.850,8.680,45502339,399178481,001979,15:00:00
sz002001,新 和 成,20.490,0.820,4.169,20.480,20.490,19.670,19.910,20.550,19.810,43668339,882446910,002001,15:00:00
sz002007,华兰生物,16.330,0.920,5.970,16.320,16.330,15.410,15.640,16.410,15.570,20803759,334078883,002007,15:00:00
sz002008,大族激光,21.860,1.120,5.400,21.850,21.860,20.740,21.030,21.890,20.800,47832024,1030364933,002008,15:00:00
sz002010,传化智联,3.850,0.130,3.495,3.850,3.860,3.720,3.780,3.860,3.760,12792097,48861383,002010,15:00:00
sz002015,协鑫能科,7.990,0.730,10.055,7.990,0.000,7.260,7.750,7.990,7.430,30403518,234344562,002015,15:00:00
sz002019,亿帆医药,12.230,0.030,0.246,12.220,12.230,12.200,12.380,12.450,12.130,10607595,130432079,002019,15:00:00
sz002025,航天电器,43.530,0.570,1.327,43.530,43.540,42.960,43.780,44.200,43.090,3627754,158275281,002025,15:00:00
sz002027,分众传媒,5.740,-0.280,-4.651,5.740,5.750,6.020,6.060,6.090,5.600,355669885,2051792266,002027,15:00:00
sz002028,思源电气,64.110,0.120,0.188,64.100,64.110,63.990,64.430,64.620,62.880,6290693,400046623,002028,15:00:00
sz002030,达安基因,5.030,0.210,4.357,5.020,5.030,4.820,4.850,5.080,4.840,16928721,84593115,002030,15:00:00
sz002032,苏 泊 尔,48.450,1.260,2.670,48.450,48.500,47.190,47.600,48.670,47.300,1390720,66998420,002032,15:00:00
sz002041,登海种业,8.270,0.200,2.478,8.260,8.270,8.070,8.160,8.300,8.130,5898450,48585654,002041,15:00:00
sz002044,美年健康,3.580,0.010,0.280,3.580,3.590,3.570,3.610,3.670,3.560,48584110,175329763,002044,15:00:00
sz002048,宁波华翔,13.410,-0.130,-0.960,13.400,13.410,13.540,13.570,13.680,13.310,5989780,80453130,002048,15:00:00
sz002049,紫光国微,51.820,0.910,1.787,51.820,51.830,50.910,52.010,52.260,51.250,13766395,712900524,002049,15:00:00
sz002050,三花智控,19.780,0.380,1.959,19.770,19.780,19.400,19.600,19.950,19.330,56980621,1121152584,002050,15:00:00
sz002056,横店东磁,12.170,0.350,2.961,12.160,12.170,11.820,12.010,12.250,11.960,10903882,132221126,002056,15:00:00
sz002060,广东建工,3.390,0.080,2.417,3.390,3.400,3.310,3.340,3.400,3.340,12418490,41955729,002060,15:00:00
sz002064,华峰化学,7.170,0.200,2.869,7.170,7.180,6.970,7.040,7.220,6.990,21310460,151845840,002064,15:00:00
sz002065,东华软件,4.560,0.120,2.703,4.550,4.560,4.440,4.520,4.580,4.490,17515168,79587208,002065,15:00:00
sz002074,国轩高科,18.800,0.480,2.620,18.800,18.810,18.320,18.670,18.960,18.540,15855235,297777336,002074,15:00:00
sz002078,太阳纸业,14.630,0.510,3.612,14.630,14.640,14.120,14.200,14.650,14.030,18829769,271866902,002078,15:00:00
sz002080,中材科技,11.520,0.400,3.597,11.520,11.530,11.120,11.350,11.620,11.300,18182903,208771405,002080,15:00:00
sz002081,金 螳 螂,3.010,0.090,3.082,3.000,3.010,2.920,2.950,3.020,2.950,13315700,39830932,002081,15:00:00
sz002085,万丰奥威,12.800,0.070,0.550,12.800,12.810,12.730,12.960,13.000,12.650,93817967,1203288071,002085,15:00:00
sz002091,江苏国泰,6.840,0.180,2.703,6.830,6.840,6.660,6.760,6.850,6.760,6037900,41173934,002091,15:00:00
sz002099,海翔药业,5.150,0.140,2.794,5.140,5.150,5.010,5.070,5.200,5.060,7406900,38041280,002099,15:00:00
sz002110,三钢闽光,3.010,0.070,2.381,3.000,3.010,2.940,2.960,3.020,2.960,7934359,23796577,002110,15:00:00
sz002120,韵达股份,7.160,0.190,2.726,7.160,7.170,6.970,7.120,7.210,7.060,18236743,130194789,002120,15:00:00
sz002128,电投能源,21.520,0.430,2.039,21.520,21.530,21.090,21.250,21.620,20.960,15183808,324136636,002128,15:00:00
sz002129,TCL中环,8.500,0.270,3.281,8.500,8.510,8.230,8.310,8.630,8.250,82060631,693740492,002129,15:00:00
sz002131,利欧股份,1.500,0.050,3.448,1.500,1.510,1.450,1.470,1.510,1.460,157453741,234078389,002131,15:00:00
sz002138,顺络电子,27.040,0.770,2.931,27.040,27.050,26.270,26.580,27.160,25.950,19870369,531591537,002138,15:00:00
sz002142,宁波银行,21.200,-0.130,-0.609,21.200,21.210,21.330,21.510,21.660,21.010,30677929,651506907,002142,15:00:00
sz002145,中核钛白,3.440,0.090,2.687,3.440,3.450,3.350,3.400,3.450,3.380,47999110,164226090,002145,15:00:00
sz002151,北斗星通,24.060,0.560,2.383,24.060,24.070,23.500,23.790,24.160,23.770,5159839,123886026,002151,15:00:00
sz002152,广电运通,10.420,0.170,1.659,10.410,10.420,10.250,10.390,10.490,10.300,14883170,154778999,002152,15:00:00
sz002153,石基信息,5.590,0.160,2.947,5.590,5.600,5.430,5.580,5.620,5.450,11462958,63830792,002153,15:00:00
sz002155,湖南黄金,19.220,0.910,4.970,19.220,19.230,18.310,18.310,19.370,18.100,57219485,1080241707,002155,15:00:00
sz002156,通富微电,23.330,0.380,1.656,23.330,23.340,22.950,23.360,23.650,22.880,99157751,2305154203,002156,15:00:00
sz002176,江特电机,7.780,0.430,5.850,7.770,7.780,7.350,7.470,7.900,7.470,52910797,408095574,002176,15:00:00
sz002179,中航光电,36.520,0.280,0.773,36.520,36.530,36.240,36.540,36.810,36.070,7227523,263869455,002179,15:00:00
sz002180,纳思达,27.660,-0.280,-1.002,27.660,27.670,27.940,28.320,28.420,27.100,11687484,321681479,002180,15:00:00
sz002183,怡 亚 通,2.880,0.120,4.348,2.870,2.880,2.760,2.810,2.890,2.810,25351398,72450852,002183,15:00:00
sz002185,华天科技,8.640,0.140,1.647,8.630,8.640,8.500,8.610,8.700,8.480,59188508,509419241,002185,15:00:00
sz002192,融捷股份,31.390,2.850,9.986,31.390,0.000,28.540,28.900,31.390,28.900,14378443,438791008,002192,15:00:00
sz002195,岩山科技,2.430,0.100,4.292,2.430,2.440,2.330,2.390,2.550,2.390,93442855,228074565,002195,15:00:00
sz002202,金风科技,6.950,0.260,3.886,6.940,6.950,6.690,6.770,6.990,6.770,26981457,186254387,002202,15:00:00
sz002203,海亮股份,8.370,0.290,3.589,8.360,8.370,8.080,8.180,8.410,8.160,8190462,68242290,002203,15:00:00
sz002212,天融信,4.710,0.170,3.744,4.700,4.710,4.540,4.620,4.720,4.600,19831249,92637390,002212,15:00:00
sz002216,三全食品,11.110,0.240,2.208,11.100,11.110,10.870,11.040,11.190,10.950,1992070,22085746,002216,15:00:00
sz002221,东华能源,8.450,0.280,3.427,8.440,8.450,8.170,8.220,8.450,8.200,5803972,48022537,002221,15:00:00
sz002223,鱼跃医疗,36.520,0.090,0.247,36.520,36.550,36.430,36.640,36.920,35.960,5328443,194219698,002223,15:00:00
sz002230,科大讯飞,39.250,0.390,1.004,39.240,39.250,38.860,39.500,39.620,39.080,26667686,1048726611,002230,15:00:00
sz002236,大华股份,15.240,0.440,2.973,15.240,15.250,14.800,15.080,15.300,14.910,35908133,543107709,002236,15:00:00
sz002237,恒邦股份,12.380,0.510,4.297,12.380,12.390,11.870,12.000,12.460,11.920,17852202,218613892,002237,15:00:00
sz002240,盛新锂能,13.930,1.270,10.032,13.930,0.000,12.660,12.980,13.930,12.910,20113963,273863832,002240,15:00:00
sz002241,歌尔股份,21.950,0.500,2.331,21.940,21.950,21.450,21.600,22.220,21.280,132833643,2888220142,002241,15:00:00
sz002244,滨江集团,8.100,0.320,4.113,8.100,8.110,7.780,7.880,8.220,7.790,66090849,531779237,002244,15:00:00
sz002245,蔚蓝锂芯,7.900,0.410,5.474,7.890,7.900,7.490,7.690,7.970,7.680,32376189,254202546,002245,15:00:00
sz002249,大洋电机,4.760,0.130,2.808,4.750,4.760,4.630,4.710,4.770,4.700,15863435,75193612,002249,15:00:00
sz002252,上海莱士,7.740,-0.010,-0.129,7.740,7.750,7.750,7.790,7.830,7.660,40273658,310891013,002252,15:00:00
sz002254,泰和新材,8.600,0.310,3.739,8.600,8.610,8.290,8.440,8.620,8.410,9512518,81233471,002254,15:00:00
sz002262,恩华药业,22.330,-0.420,-1.846,22.320,22.330,22.750,22.900,22.910,22.050,7029727,156788481,002262,15:00:00
sz002266,浙富控股,2.810,0.060,2.182,2.810,2.820,2.750,2.780,2.830,2.780,16772132,47158428,002266,15:00:00
sz002268,电科网安,13.230,0.340,2.638,13.220,13.230,12.890,13.260,13.350,12.990,8685282,114664466,002268,15:00:00
sz002271,东方雨虹,12.760,0.640,5.281,12.750,12.760,12.120,12.310,12.800,12.250,55196799,694775697,002271,15:00:00
sz002273,水晶光电,20.600,1.870,9.984,20.600,0.000,18.730,18.980,20.600,18.500,79071921,1558938013,002273,15:00:00
sz002281,光迅科技,37.950,-0.080,-0.210,37.950,37.960,38.030,38.400,38.580,36.720,32802527,1236939672,002281,15:00:00
sz002294,信立泰,27.570,0.560,2.073,27.570,27.580,27.010,27.470,27.890,26.920,3712163,102318239,002294,15:00:00
sz002299,圣农发展,12.620,0.280,2.269,12.610,12.620,12.340,12.480,12.690,12.320,11004115,137847090,002299,15:00:00
sz002304,洋河股份,79.860,2.180,2.806,79.850,79.860,77.680,78.570,80.260,78.370,6953761,552952524,002304,15:00:00
sz002311,海大集团,44.920,-0.070,-0.156,44.910,44.920,44.990,45.030,45.550,44.000,8919495,400567158,002311,15:00:00
sz002312,川发龙蟒,7.110,0.140,2.009,7.100,7.110,6.970,7.070,7.180,7.040,15560450,110697901,002312,15:00:00
sz002317,众生药业,11.410,0.340,3.071,11.410,11.420,11.070,11.220,11.530,11.180,14234323,161977830,002317,15:00:00
sz002318,久立特材,22.730,0.630,2.851,22.720,22.730,22.100,22.270,22.860,21.860,5249094,118312445,002318,15:00:00
sz002320,海峡股份,5.040,0.150,3.067,5.040,5.050,4.890,4.960,5.060,4.960,12425652,62426822,002320,15:00:00
sz002326,永太科技,7.970,0.510,6.836,7.970,7.980,7.460,7.690,8.050,7.690,14937300,118291258,002326,15:00:00
sz002340,格林美,6.460,0.110,1.732,6.460,6.470,6.350,6.500,6.510,6.400,94300071,609025054,002340,15:00:00
sz002352,顺丰控股,35.100,0.250,0.717,35.100,35.110,34.850,35.300,35.490,34.880,9285423,327032305,002352,15:00:00
sz002353,杰瑞股份,33.590,0.590,1.788,33.590,33.600,33.000,33.290,33.880,32.890,10524170,353335217,002353,15:00:00
sz002368,太极股份,21.390,0.880,4.291,21.390,21.400,20.510,20.800,21.830,20.700,12735721,270978238,002368,15:00:00
sz002371,北方华创,313.270,-6.310,-1.974,313.260,313.270,319.580,323.190,323.600,301.050,10753870,3355118373,002371,15:00:00
sz002372,伟星新材,15.010,0.090,0.603,15.010,15.020,14.920,15.120,15.270,14.930,5089365,76784617,002372,15:00:00
sz002373,千方科技,9.050,-0.070,-0.768,9.050,9.060,9.120,8.940,9.130,8.820,80459583,723028509,002373,15:00:00
sz002384,东山精密,25.980,-0.060,-0.230,25.980,25.990,26.040,25.940,26.900,25.110,147132924,3817373233,002384,15:00:00
sz002385,大北农,4.120,0.090,2.233,4.110,4.120,4.030,4.060,4.120,4.040,38353671,156991612,002385,15:00:00
sz002389,航天彩虹,12.870,0.410,3.291,12.860,12.870,12.460,12.690,12.880,12.630,11984200,153111864,002389,15:00:00
sz002396,星网锐捷,12.990,0.340,2.688,12.980,12.990,12.650,12.910,12.990,12.710,4885919,63053931,002396,15:00:00
sz002402,和而泰,10.760,0.340,3.263,10.760,10.770,10.420,10.600,10.800,10.510,14106410,150683116,002402,15:00:00
sz002405,四维图新,6.430,0.120,1.902,6.420,6.430,6.310,6.390,6.470,6.310,41484673,265440802,002405,15:00:00
sz002407,多氟多,11.860,0.490,4.310,11.860,11.870,11.370,11.660,11.930,11.540,15661373,184385492,002407,15:00:00
sz002408,齐翔腾达,5.720,0.080,1.418,5.710,5.720,5.640,5.700,5.740,5.640,28773506,163898870,002408,15:00:00
sz002409,雅克科技,67.970,1.370,2.057,67.970,67.980,66.600,67.400,68.700,65.430,13030858,880853127,002409,15:00:00
sz002410,广联达,9.600,0.870,9.966,9.600,0.000,8.730,8.920,9.600,8.900,48643688,451128987,002410,15:00:00
sz002414,高德红外,5.970,0.310,5.477,5.970,5.980,5.660,5.750,6.000,5.720,36254484,212670197,002414,15:00:00
sz002415,海康威视,30.100,0.680,2.311,30.100,30.110,29.420,29.820,30.300,29.600,28907862,868321777,002415,15:00:00
sz002422,科伦药业,31.350,0.430,1.391,31.340,31.350,30.920,30.950,31.680,30.350,14305149,445924154,002422,15:00:00
sz002423,中粮资本,7.460,0.210,2.897,7.450,7.460,7.250,7.360,7.490,7.300,14414286,106854908,002423,15:00:00
sz002429,兆驰股份,5.000,0.090,1.833,5.000,5.010,4.910,4.940,5.020,4.880,53897522,266965559,002429,15:00:00
sz002430,杭氧股份,19.370,0.130,0.676,19.370,19.380,19.240,19.510,19.750,19.260,6927198,135139558,002430,15:00:00
sz002436,兴森科技,10.340,0.320,3.194,10.340,10.350,10.020,10.200,10.360,10.050,57444980,586997630,002436,15:00:00
sz002439,启明星辰,15.000,0.330,2.249,14.990,15.000,14.670,14.910,15.120,14.780,14732007,220223224,002439,15:00:00
sz002444,巨星科技,25.850,0.250,0.977,25.850,25.860,25.600,25.710,26.160,25.350,9052411,232729101,002444,15:00:00
sz002456,欧菲光,8.540,0.120,1.425,8.540,8.550,8.420,8.510,8.600,8.330,248887059,2115214387,002456,15:00:00
sz002459,晶澳科技,10.380,0.360,3.593,10.370,10.380,10.020,10.190,10.540,10.090,75231734,776436561,002459,15:00:00
sz002460,赣锋锂业,29.190,1.370,4.925,29.190,29.200,27.820,28.090,29.690,28.050,36824208,1074035494,002460,15:00:00
sz002461,珠江啤酒,7.790,0.580,8.044,7.780,7.790,7.210,7.910,7.930,7.610,37036611,290182384,002461,15:00:00
sz002463,沪电股份,41.190,-0.060,-0.145,41.180,41.190,41.250,41.250,41.500,39.400,46228432,1876361440,002463,15:00:00
sz002465,海格通信,9.840,0.160,1.653,9.830,9.840,9.680,9.850,9.970,9.730,28232330,277251558,002465,15:00:00
sz002466,天齐锂业,29.600,1.680,6.017,29.590,29.600,27.920,28.280,30.300,28.280,50430205,1489345283,002466,15:00:00
sz002468,申通快递,8.090,0.190,2.405,8.090,8.100,7.900,8.030,8.120,7.950,8460056,68203981,002468,15:00:00
sz002472,双环传动,21.770,0.120,0.554,21.770,21.780,21.650,22.030,22.150,21.510,11765238,256014787,002472,15:00:00
sz002475,立讯精密,41.780,1.000,2.452,41.780,41.790,40.780,41.050,42.940,40.590,105249414,4391554900,002475,15:00:00
sz002484,江海股份,12.680,0.070,0.555,12.680,12.690,12.610,12.790,12.890,12.610,7967570,101517726,002484,15:00:00
sz002487,大金重工,20.630,0.190,0.930,20.620,20.630,20.440,20.730,20.960,20.300,9310150,192150285,002487,15:00:00
sz002493,荣盛石化,9.620,0.370,4.000,9.610,9.620,9.250,9.380,9.630,9.300,23890550,227402059,002493,15:00:00
sz002497,雅化集团,9.160,0.560,6.512,9.150,9.160,8.600,8.880,9.220,8.810,22255048,201744126,002497,15:00:00
sz002498,汉缆股份,3.250,0.090,2.848,3.240,3.250,3.160,3.200,3.260,3.190,14962731,48313707,002498,15:00:00
sz002500,山西证券,4.620,0.070,1.538,4.610,4.620,4.550,4.620,4.650,4.590,16257946,75080515,002500,15:00:00
sz002506,协鑫集成,1.960,0.090,4.813,1.950,1.960,1.870,1.890,1.970,1.890,86459027,167807490,002506,15:00:00
sz002507,涪陵榨菜,12.360,0.170,1.395,12.360,12.370,12.190,12.350,12.450,12.230,10203722,126144527,002507,15:00:00
sz002508,老板电器,21.150,0.300,1.439,21.150,21.170,20.850,21.090,21.450,20.930,4945873,104817995,002508,15:00:00
sz002511,中顺洁柔,7.040,0.250,3.682,7.030,7.040,6.790,6.880,7.090,6.870,9850725,68923787,002511,15:00:00
sz002517,恺英网络,9.300,0.180,1.974,9.300,9.310,9.120,9.290,9.340,9.110,43015648,397680929,002517,15:00:00
sz002518,科士达,16.880,0.370,2.241,16.870,16.880,16.510,16.750,17.230,16.680,6566860,111056562,002518,15:00:00
sz002531,天顺风能,8.020,0.080,1.008,8.010,8.020,7.940,8.040,8.240,7.970,25978683,209901389,002531,15:00:00
sz002532,天山铝业,8.650,0.250,2.976,8.650,8.660,8.400,8.440,8.740,8.270,63063569,538570032,002532,15:00:00
sz002541,鸿路钢构,13.740,-0.270,-1.927,13.740,13.750,14.010,14.270,14.310,13.610,14226117,196092170,002541,15:00:00
sz002555,三七互娱,12.940,0.420,3.355,12.940,12.950,12.520,12.760,12.940,12.680,30576741,392885195,002555,15:00:00
sz002557,洽洽食品,27.400,0.730,2.737,27.390,27.400,26.670,26.970,27.600,26.720,4292472,116986877,002557,15:00:00
sz002558,巨人网络,9.270,0.230,2.544,9.270,9.280,9.040,9.200,9.330,9.130,38972878,359943673,002558,15:00:00
sz002563,森马服饰,5.260,-0.080,-1.498,5.260,5.270,5.340,5.400,5.430,5.250,15094100,80072272,002563,15:00:00
sz002568,百润股份,16.330,0.970,6.315,16.330,16.340,15.360,15.660,16.440,15.500,11966313,192935110,002568,15:00:00
sz002572,索菲亚,14.830,0.230,1.575,14.830,14.840,14.600,14.850,14.890,14.510,9521329,140081180,002572,15:00:00
sz002594,比亚迪,253.060,0.560,0.222,253.050,253.060,252.500,255.000,256.260,251.680,10035945,2546645362,002594,15:00:00
sz002595,豪迈科技,38.430,0.680,1.801,38.300,38.460,37.750,37.960,38.430,37.420,1719592,65333288,002595,15:00:00
sz002597,金禾实业,20.070,0.610,3.135,20.070,20.080,19.460,19.780,20.200,19.650,3389300,67784680,002597,15:00:00
sz002600,领益智造,7.560,0.090,1.205,7.560,7.570,7.470,7.530,7.750,7.290,372572475,2801363125,002600,15:00:00
sz002601,龙佰集团,19.000,0.550,2.981,19.000,19.010,18.450,18.600,19.050,18.390,15500293,292176203,002601,15:00:00
sz002602,世纪华通,3.390,0.120,3.670,3.380,3.390,3.270,3.390,3.420,3.300,81792245,275270139,002602,15:00:00
sz002603,以岭药业,15.300,0.350,2.341,15.300,15.310,14.950,15.010,15.350,15.010,12071382,183839150,002603,15:00:00
sz002607,中公教育,1.470,0.070,5.000,1.460,1.470,1.400,1.390,1.470,1.390,228630502,331337951,002607,15:00:00
sz002608,江苏国信,7.620,0.000,0.000,7.610,7.620,7.620,7.690,7.720,7.470,13960002,105694567,002608,15:00:00
sz002617,露笑科技,4.930,0.130,2.708,4.930,4.940,4.800,4.940,4.960,4.840,32684823,160292881,002617,15:00:00
sz002624,完美世界,7.230,0.220,3.138,7.230,7.240,7.010,7.150,7.250,7.060,25103727,180496818,002624,15:00:00
sz002625,光启技术,17.410,0.200,1.162,17.410,17.420,17.210,17.530,17.580,17.250,15961203,278170068,002625,15:00:00
sz002643,万润股份,9.700,0.320,3.412,9.700,9.710,9.380,9.560,9.720,9.500,10072843,97010677,002643,15:00:00
sz002648,卫星化学,17.940,0.230,1.299,17.940,17.950,17.710,17.900,18.140,17.470,20184699,360233047,002648,15:00:00
sz002653,海思科,29.950,-0.210,-0.696,29.940,29.950,30.160,30.580,30.580,28.690,4840340,142731194,002653,15:00:00
sz002670,国盛金控,8.300,0.170,2.091,8.290,8.300,8.130,8.200,8.330,8.140,22649763,187135173,002670,15:00:00
sz002673,西部证券,6.170,0.090,1.480,6.170,6.180,6.080,6.150,6.180,6.100,33789956,207879791,002673,15:00:00
sz002675,东诚药业,12.260,0.470,3.986,12.250,12.260,11.790,11.880,12.350,11.880,7499665,91257037,002675,15:00:00
sz002683,广东宏大,19.640,0.310,1.604,19.630,19.640,19.330,19.680,19.930,19.510,2914758,57486483,002683,15:00:00
sz002690,美亚光电,16.200,0.140,0.872,16.190,16.200,16.060,16.190,16.440,16.010,2615170,42464458,002690,15:00:00
sz002698,博实股份,11.690,0.200,1.741,11.690,11.700,11.490,11.740,11.870,11.570,7550632,88184935,002698,15:00:00
sz002701,奥瑞金,4.140,0.100,2.475,4.130,4.140,4.040,4.090,4.150,4.070,15609696,64229521,002701,15:00:00
sz002705,新宝股份,13.470,0.420,3.218,13.470,13.480,13.050,13.200,13.520,13.110,5300400,70784276,002705,15:00:00
sz002709,天赐材料,16.720,0.880,5.556,16.720,16.730,15.840,16.140,17.070,16.000,42317526,700349007,002709,15:00:00
sz002714,牧原股份,44.110,0.420,0.961,44.100,44.110,43.690,44.310,44.570,43.800,21849282,965398485,002714,15:00:00
sz002727,一心堂,13.890,0.290,2.132,13.880,13.890,13.600,13.780,14.110,13.680,10405841,144762862,002727,15:00:00
sz002736,国信证券,8.140,0.000,0.000,8.130,8.140,8.140,8.200,8.230,8.110,21767264,177583460,002736,15:00:00
sz002738,中矿资源,28.360,1.680,6.297,28.360,28.370,26.680,27.130,28.780,27.100,23287306,654826486,002738,15:00:00
sz002739,万达电影,11.160,0.070,0.631,11.150,11.160,11.090,11.180,11.350,11.040,28567051,318807343,002739,15:00:00
sz002745,木林森,8.500,0.280,3.406,8.490,8.500,8.220,8.350,8.530,8.200,21986245,184829904,002745,15:00:00
sz002747,埃斯顿,13.100,-0.590,-4.310,13.100,13.110,13.690,13.630,13.710,12.810,40817357,534630900,002747,15:00:00
sz002756,永兴材料,36.100,3.280,9.994,36.100,0.000,32.820,33.330,36.100,33.330,13995822,492597585,002756,15:00:00
sz002773,康弘药业,22.330,0.270,1.224,22.320,22.330,22.060,22.230,22.500,21.270,14110258,310263451,002773,15:00:00
sz002791,坚朗五金,23.700,0.690,2.999,23.690,23.700,23.010,23.390,23.880,23.090,4082296,96243886,002791,15:00:00
sz002797,第一创业,4.960,0.070,1.431,4.960,4.970,4.890,4.950,5.010,4.930,25212381,125284898,002797,15:00:00
sz002812,恩捷股份,30.800,1.400,4.762,30.790,30.800,29.400,29.990,31.000,29.770,17834133,544276882,002812,15:00:00
sz002821,凯莱英,66.520,4.910,7.969,66.520,66.530,61.610,62.800,67.250,62.770,7348504,481370220,002821,15:00:00
sz002831,裕同科技,24.630,-0.010,-0.041,24.630,24.640,24.640,25.000,25.070,24.210,2703136,66448553,002831,15:00:00
sz002832,比音勒芬,23.480,0.540,2.354,23.480,23.490,22.940,23.200,23.720,22.700,4039322,94338445,002832,15:00:00
sz002837,英维克,22.310,0.480,2.199,22.310,22.320,21.830,21.990,22.630,21.900,13175380,293918146,002837,15:00:00
sz002841,视源股份,28.780,0.850,3.043,28.780,28.790,27.930,28.390,28.890,28.070,2878046,82299841,002841,15:00:00
sz002850,科达利,76.550,1.300,1.728,76.550,76.560,75.250,76.370,77.600,74.830,2214168,169159069,002850,15:00:00
sz002851,麦格米特,25.310,0.590,2.387,25.300,25.310,24.720,25.190,25.590,24.770,11203143,282505265,002851,15:00:00
sz002865,钧达股份,37.170,1.340,3.740,37.170,37.180,35.830,36.370,37.760,36.210,9762975,361474030,002865,15:00:00
sz002867,周大生,12.700,-0.120,-0.936,12.700,12.710,12.820,12.760,12.890,12.450,17646538,222518924,002867,15:00:00
sz002901,大博医疗,25.630,0.930,3.765,25.620,25.630,24.700,24.870,25.690,24.870,1053162,26798956,002901,15:00:00
sz002906,华阳集团,30.170,1.260,4.358,30.160,30.170,28.910,30.000,30.200,29.010,23742720,705418826,002906,15:00:00
sz002916,深南电路,126.990,6.260,5.185,126.980,126.990,120.730,120.990,127.130,120.110,15933781,1979009132,002916,15:00:00
sz002920,德赛西威,101.480,0.170,0.168,101.480,101.490,101.310,102.960,103.000,97.530,18776267,1881553902,002920,15:00:00
sz002925,盈趣科技,12.660,0.480,3.941,12.650,12.660,12.180,12.390,12.660,12.220,5598060,69863059,002925,15:00:00
sz002926,华西证券,6.430,0.150,2.389,6.420,6.430,6.280,6.380,6.440,6.320,9906085,63401991,002926,15:00:00
sz002936,郑州银行,1.770,0.020,1.143,1.770,1.780,1.750,1.760,1.780,1.750,44505327,78634217,002936,15:00:00
sz002938,鹏鼎控股,40.890,-1.590,-3.743,40.890,40.900,42.480,43.500,43.580,38.770,49347449,2013141406,002938,15:00:00
sz002939,长城证券,6.640,0.080,1.220,6.630,6.640,6.560,6.650,6.720,6.600,14665572,97627537,002939,15:00:00
sz002945,华林证券,9.800,0.190,1.977,9.790,9.800,9.610,9.730,9.830,9.660,5995025,58606852,002945,15:00:00
sz002948,青岛银行,3.290,-0.030,-0.904,3.290,3.300,3.320,3.350,3.370,3.280,28519430,94680245,002948,15:00:00
sz002958,青农商行,2.640,0.030,1.149,2.630,2.640,2.610,2.630,2.660,2.620,37846238,99782688,002958,15:00:00
sz002966,苏州银行,7.240,-0.150,-2.030,7.230,7.240,7.390,7.450,7.470,7.210,40941924,298918702,002966,15:00:00
sz002978,安宁股份,28.080,0.710,2.594,28.020,28.080,27.370,27.590,28.160,27.460,1434205,39996258,002978,15:00:00
sz002984,森麒麟,24.650,0.210,0.859,24.640,24.650,24.440,24.780,24.940,24.220,15252834,374235524,002984,15:00:00
sz002985,北摩高科,19.680,0.490,2.553,19.680,19.690,19.190,19.480,19.760,19.460,3414451,67070631,002985,15:00:00
sz003022,联泓新科,13.770,0.630,4.795,13.760,13.770,13.140,13.380,13.900,13.330,6115295,83525178,003022,15:00:00
sz003031,中瓷电子,43.300,0.020,0.046,43.300,43.320,43.280,43.950,44.560,43.150,2853490,124652705,003031,15:00:00
sz003035,南网能源,4.340,0.100,2.358,4.330,4.340,4.240,4.280,4.350,4.260,9432700,40726592,003035,15:00:00
sz003816,中国广核,4.890,0.060,1.242,4.890,4.900,4.830,4.820,4.900,4.740,138562770,668444698,003816,15:00:00
sz300001,特锐德,19.750,0.080,0.407,19.740,19.750,19.670,20.020,20.100,19.660,16591549,329504107,300001,15:35:00
sz300002,神州泰岳,8.430,0.170,2.058,8.420,8.430,8.260,8.420,8.480,8.290,47546708,399154643,300002,15:35:15
sz300003,乐普医疗,13.930,0.780,5.932,13.930,13.940,13.150,13.420,14.050,13.300,19850076,272754497,300003,15:35:30
sz300009,安科生物,8.620,0.260,3.110,8.610,8.620,8.360,8.480,8.700,8.460,15149414,130206734,300009,15:35:00
sz300012,华测检测,11.920,0.160,1.361,11.910,11.920,11.760,12.080,12.150,11.760,44033111,524583624,300012,15:35:45
sz300014,亿纬锂能,37.330,2.090,5.931,37.330,37.340,35.240,35.880,37.720,35.420,30725149,1130934083,300014,15:35:15
sz300015,爱尔眼科,10.870,1.010,10.243,10.870,10.880,9.860,10.120,11.200,10.120,228895165,2456854768,300015,15:35:30
sz300017,网宿科技,7.690,0.120,1.585,7.680,7.690,7.570,7.710,7.770,7.630,51814045,398478462,300017,15:35:00
sz300024,机器人,9.780,0.240,2.516,9.770,9.780,9.540,9.720,9.830,9.630,17896063,174414477,300024,15:35:30
sz300026,红日药业,3.170,0.100,3.257,3.160,3.170,3.070,3.110,3.170,3.110,32700600,102945554,300026,15:35:00
sz300033,同花顺,99.130,2.900,3.014,99.130,99.140,96.230,98.300,101.350,97.800,8061857,801867203,300033,15:35:30
sz300034,钢研高纳,16.020,0.220,1.392,16.020,16.030,15.800,16.070,16.220,15.490,18525393,294061260,300034,15:35:45
sz300037,新宙邦,31.690,0.720,2.325,31.660,31.690,30.970,31.100,31.880,30.780,9041295,284558244,300037,15:35:30
sz300054,鼎龙股份,23.040,0.240,1.053,23.040,23.050,22.800,23.130,23.230,22.540,13469993,309192759,300054,15:35:30
sz300058,蓝色光标,5.370,0.180,3.468,5.360,5.370,5.190,5.300,5.380,5.250,39029442,208108437,300058,15:35:30
sz300059,东方财富,10.430,0.310,3.063,10.430,10.440,10.120,10.300,10.590,10.230,254023709,2645763875,300059,15:35:45
sz300070,碧水源,4.360,0.140,3.318,4.350,4.360,4.220,4.280,4.370,4.250,25817154,111215184,300070,15:35:00
sz300073,当升科技,32.470,1.360,4.372,32.460,32.470,31.110,31.860,33.000,31.580,19728826,636772137,300073,15:35:45
sz300088,长信科技,4.810,0.140,2.998,4.800,4.810,4.670,4.730,4.820,4.670,51989815,247955343,300088,15:35:30
sz300114,中航电测,48.440,0.380,0.791,48.410,48.440,48.060,48.560,49.770,47.200,14441121,698230567,300114,15:35:15
sz300115,长盈精密,13.000,0.800,6.557,12.990,13.000,12.200,12.480,13.160,12.300,119619269,1525727856,300115,15:35:30
sz300118,东方日升,11.070,0.220,2.028,11.060,11.070,10.850,11.000,11.440,10.940,40810026,454877310,300118,15:35:15
sz300122,智飞生物,27.300,1.040,3.960,27.290,27.300,26.260,26.980,27.560,26.490,25796567,699827524,300122,15:35:15
sz300124,汇川技术,51.520,0.530,1.039,51.520,51.530,50.990,51.220,52.390,51.220,13492890,697230533,300124,15:35:45
sz300136,信维通信,21.280,0.180,0.853,21.280,21.290,21.100,21.340,21.520,20.640,72078201,1522536833,300136,15:35:45
sz300140,节能环境,5.930,0.210,3.671,5.920,5.930,5.720,5.800,5.940,5.750,4218001,24782737,300140,15:35:45
sz300142,沃森生物,11.420,0.490,4.483,11.410,11.420,10.930,11.140,11.550,11.100,22220487,252187463,300142,15:35:15
sz300144,宋城演艺,8.090,0.330,4.253,8.080,8.090,7.760,7.890,8.120,7.840,29872834,239299212,300144,15:35:45
sz300146,汤臣倍健,13.500,0.530,4.086,13.490,13.500,12.970,13.180,13.500,13.100,14106404,187972902,300146,15:35:15
sz300171,东富龙,11.760,0.390,3.430,11.750,11.760,11.370,11.600,11.830,11.510,5252739,61416541,300171,15:35:15
sz300182,捷成股份,3.710,0.100,2.770,3.700,3.710,3.610,3.670,3.720,3.640,57890700,213628724,300182,15:35:45
sz300207,欣旺达,15.110,0.900,6.334,15.110,15.120,14.210,14.480,15.170,14.370,48690439,725804371,300207,15:35:30
sz300212,易华录,17.010,0.360,2.162,17.010,17.020,16.650,16.820,17.140,16.650,18119693,307113738,300212,15:35:45
sz300223,北京君正,55.870,0.450,0.812,55.870,55.880,55.420,56.300,56.760,55.600,7260158,407172964,300223,15:35:15
sz300229,拓尔思,13.330,0.260,1.989,13.320,13.330,13.070,13.390,13.480,13.260,13296855,177554902,300229,15:35:45
sz300244,迪安诊断,12.750,0.160,1.271,12.740,12.750,12.590,12.730,12.860,12.580,9939904,126590962,300244,15:35:30
sz300251,光线传媒,7.680,0.080,1.053,7.680,7.690,7.600,7.700,7.800,7.620,28030520,215984446,300251,15:35:15
sz300253,卫宁健康,5.750,0.160,2.862,5.740,5.750,5.590,5.710,5.770,5.660,19540359,111930838,300253,15:35:45
sz300257,开山股份,9.500,0.270,2.925,9.490,9.500,9.230,9.370,9.590,9.250,6779930,64075062,300257,15:35:45
sz300274,阳光电源,59.820,2.250,3.908,59.810,59.820,57.570,58.160,60.660,57.250,31566541,1874485710,300274,15:35:45
sz300285,国瓷材料,17.780,1.050,6.276,17.780,17.790,16.730,16.980,17.800,16.830,10888391,190798952,300285,15:35:30
sz300294,博雅生物,34.660,-0.060,-0.173,34.650,34.660,34.720,34.850,35.000,34.250,2737215,94797881,300294,15:35:45
sz300296,利亚德,4.480,0.190,4.429,4.470,4.480,4.290,4.370,4.480,4.330,24745035,109654415,300296,15:35:15
sz300298,三诺生物,22.770,0.970,4.450,22.760,22.770,21.800,22.300,23.110,21.610,5524700,124434848,300298,15:35:30
sz300308,中际旭创,153.260,-4.270,-2.711,153.260,153.270,157.530,159.210,159.680,149.300,29084256,4476813445,300308,15:35:00
sz300316,晶盛机电,29.430,0.760,2.651,29.430,29.440,28.670,29.250,30.070,29.050,14935982,440043359,300316,15:35:30
sz300339,润和软件,20.480,0.450,2.247,20.480,20.490,20.030,20.530,20.730,20.240,23532959,481870353,300339,15:35:30
sz300346,南大光电,29.630,0.390,1.334,29.620,29.630,29.240,29.920,30.000,29.090,25425897,751920823,300346,15:35:15
sz300347,泰格医药,48.660,1.400,2.962,48.650,48.660,47.260,48.000,49.560,47.440,10063553,489766295,300347,15:35:30
sz300357,我武生物,19.320,0.720,3.871,19.310,19.320,18.600,19.000,19.690,18.810,11163420,215827617,300357,15:35:45
sz300363,博腾股份,11.990,0.770,6.863,11.980,11.990,11.220,11.430,12.240,11.430,14338162,170649230,300363,15:35:45
sz300364,中文在线,20.280,0.250,1.248,20.280,20.290,20.030,20.650,20.650,20.010,48931171,991958689,300364,15:35:00
sz300373,扬杰科技,40.400,0.320,0.798,40.400,40.410,40.080,40.500,40.580,39.900,7865268,316620321,300373,15:35:45
sz300376,ST易事特,2.330,-0.240,-9.339,2.330,2.340,2.570,2.070,2.480,2.070,140418939,312369407,300376,15:35:30
sz300383,光环新网,8.410,0.110,1.325,8.410,8.420,8.300,8.420,8.490,8.330,11493287,96733592,300383,15:35:15
sz300390,天华新能,17.450,0.840,5.057,17.450,17.460,16.610,16.950,17.750,16.950,16500601,287269180,300390,15:35:00
sz300394,天孚通信,99.410,-0.590,-0.590,99.400,99.410,100.000,100.000,100.900,95.500,25166587,2478488403,300394,15:35:45
sz300395,菲利华,29.650,0.770,2.666,29.650,29.660,28.880,29.350,30.220,28.840,4490516,132782048,300395,15:35:00
sz300408,三环集团,30.410,1.150,3.930,30.410,30.420,29.260,29.600,30.770,29.380,21145482,636922943,300408,15:35:15
sz300413,芒果超媒,20.280,0.590,2.996,20.280,20.290,19.690,20.100,20.420,19.850,12002232,241849362,300413,15:35:30
sz300418,昆仑万维,30.400,0.430,1.435,30.400,30.410,29.970,30.780,30.820,30.260,31507579,960877495,300418,15:35:45
sz300428,立中集团,18.910,0.490,2.660,18.910,18.920,18.420,18.720,19.090,18.550,4526335,85456637,300428,15:35:15
sz300432,富临精工,6.600,0.260,4.101,6.590,6.600,6.340,6.450,6.650,6.450,13897109,91408681,300432,15:35:00
sz300433,蓝思科技,19.860,0.290,1.482,19.860,19.870,19.570,19.910,20.320,19.190,84105474,1663341714,300433,15:35:15
sz300438,鹏辉能源,18.590,1.200,6.901,18.590,18.600,17.390,17.810,18.850,17.810,17347895,319830587,300438,15:35:30
sz300442,润泽科技,23.330,0.320,1.391,23.330,23.340,23.010,23.600,23.790,23.110,12686060,296000337,300442,15:35:30
sz300450,先导智能,16.420,0.580,3.662,16.410,16.420,15.840,16.190,16.580,16.080,23249625,380209446,300450,15:35:30
sz300454,深信服,49.710,0.480,0.975,49.710,49.720,49.230,50.010,50.450,49.490,2227852,111051369,300454,15:35:30
sz300456,赛微电子,15.420,0.330,2.187,15.420,15.430,15.090,15.400,15.570,15.250,12362100,190548859,300456,15:35:00
sz300457,赢合科技,16.490,0.460,2.870,16.490,16.500,16.030,16.410,16.570,16.200,16478263,270567815,300457,15:35:15
sz300458,全志科技,25.000,-0.200,-0.794,24.990,25.000,25.200,26.000,26.000,24.600,47711985,1198546087,300458,15:35:30
sz300459,汤姆猫,3.420,0.120,3.636,3.420,3.430,3.300,3.370,3.440,3.360,81064985,276124091,300459,15:35:45
sz300474,景嘉微,60.860,0.790,1.315,60.860,60.870,60.070,61.220,61.490,60.000,6142935,373484530,300474,15:35:30
sz300475,香农芯创,31.020,0.530,1.738,31.010,31.020,30.490,30.830,31.310,30.340,12178467,375865589,300475,15:35:45
sz300476,胜宏科技,38.680,-1.010,-2.545,38.670,38.680,39.690,39.690,39.700,37.450,42094935,1624153487,300476,15:35:00
sz300482,万孚生物,24.590,0.120,0.490,24.590,24.600,24.470,24.750,24.900,24.180,6001762,147190998,300482,15:35:30
sz300487,蓝晓科技,41.390,1.980,5.024,41.370,41.390,39.410,40.010,41.500,39.440,2974935,120749233,300487,15:35:45
sz300496,中科创达,47.650,0.920,1.969,47.650,47.660,46.730,47.560,47.750,46.460,23040424,1087712446,300496,15:35:00
sz300498,温氏股份,19.470,-0.140,-0.714,19.470,19.480,19.610,19.770,19.860,19.410,26129511,510991315,300498,15:35:30
sz300502,新易盛,116.290,-3.110,-2.605,116.280,116.290,119.400,121.770,121.770,112.780,30582055,3547445085,300502,15:35:30
sz300529,健帆生物,28.650,1.150,4.182,28.650,28.660,27.500,27.820,29.170,27.510,8953195,255094448,300529,15:35:45
sz300558,贝达药业,32.580,1.250,3.990,32.580,32.590,31.330,31.960,32.880,31.540,6839843,221740939,300558,15:35:45
sz300567,精测电子,57.490,2.110,3.810,57.490,57.500,55.380,56.420,57.570,54.440,6746219,377042529,300567,15:35:00
sz300568,星源材质,8.110,0.330,4.242,8.110,8.120,7.780,7.960,8.190,7.920,24382029,197042936,300568,15:35:15
sz300573,兴齐眼药,154.900,5.150,3.439,154.880,154.900,149.750,151.710,157.880,147.740,3779244,582719283,300573,15:35:30
sz300595,欧普康视,16.100,0.900,5.921,16.090,16.100,15.200,15.550,16.360,15.450,15185003,243201895,300595,15:35:45
sz300601,康泰生物,15.550,0.530,3.529,15.540,15.550,15.020,15.350,15.700,15.180,9571139,148218295,300601,15:35:15
sz300604,长川科技,32.200,1.040,3.338,32.190,32.200,31.160,31.490,32.260,30.800,23057662,727696696,300604,15:35:00
sz300623,捷捷微电,17.920,0.420,2.400,17.920,17.930,17.500,17.800,18.010,17.520,16647320,296278702,300623,15:35:45
sz300628,亿联网络,37.350,0.250,0.674,37.340,37.350,37.100,37.460,37.580,36.860,3096617,115315972,300628,15:35:00
sz300633,开立医疗,32.650,0.650,2.031,32.650,32.660,32.000,32.420,33.180,31.710,5124948,167443275,300633,15:35:15
sz300638,广和通,17.370,0.310,1.817,17.360,17.370,17.060,17.330,17.430,16.900,31921188,549634499,300638,15:35:30
sz300661,圣邦股份,77.000,0.880,1.156,77.000,77.010,76.120,77.200,78.300,75.750,3620769,279261135,300661,15:35:00
sz300666,江丰电子,50.430,0.020,0.040,50.420,50.430,50.410,51.600,51.640,49.800,8016234,405229309,300666,15:35:15
sz300672,国科微,53.960,0.170,0.316,53.950,53.960,53.790,54.990,55.490,53.110,9337960,505376310,300672,15:35:45
sz300674,宇信科技,10.890,0.250,2.350,10.880,10.890,10.640,10.850,10.980,10.780,6126980,66714902,300674,15:35:15
sz300676,华大基因,35.540,0.750,2.156,35.530,35.540,34.790,35.380,35.760,35.010,2076365,73595480,300676,15:35:45
sz300677,英科医疗,29.440,0.060,0.204,29.430,29.440,29.380,29.380,29.750,29.080,11110552,325785970,300677,15:35:00
sz300679,电连技术,39.870,0.530,1.347,39.850,39.880,39.340,39.900,40.380,38.880,6951088,275622200,300679,15:35:30
sz300682,朗新集团,8.590,0.270,3.245,8.580,8.590,8.320,8.590,8.650,8.400,16190103,138436252,300682,15:35:15
sz300699,光威复材,27.170,1.190,4.580,27.160,27.170,25.980,26.410,27.200,26.110,15943839,426934561,300699,15:35:30
sz300724,捷佳伟创,56.820,1.720,3.122,56.820,56.830,55.100,55.900,58.350,55.360,9842271,559532255,300724,15:35:15
sz300726,宏达电子,21.880,0.580,2.723,21.870,21.880,21.300,21.820,22.180,21.410,4924301,107534634,300726,15:35:45
sz300735,光弘科技,22.420,0.750,3.461,22.410,22.420,21.670,21.890,22.680,21.840,54548150,1215285923,300735,15:35:30
sz300747,锐科激光,17.430,0.490,2.893,17.420,17.430,16.940,17.360,17.510,17.100,5490810,95326790,300747,15:35:15
sz300748,金力永磁,12.540,0.320,2.619,12.540,12.550,12.220,12.450,12.640,12.370,10981083,137576425,300748,15:35:30
sz300750,宁德时代,177.010,3.960,2.288,177.010,177.020,173.050,175.000,178.980,173.490,20811148,3678618340,300750,15:35:00
sz300751,迈为股份,108.770,3.240,3.070,108.770,108.780,105.530,108.980,109.580,104.880,3000293,323235491,300751,15:35:15
sz300759,康龙化成,19.780,1.080,5.775,19.770,19.780,18.700,19.190,19.880,18.900,18602423,364054451,300759,15:35:00
sz300760,迈瑞医疗,282.110,3.210,1.151,282.080,282.110,278.900,279.910,282.500,274.800,3178970,891197756,300760,15:35:15
sz300761,立华股份,22.250,-0.460,-2.026,22.240,22.250,22.710,22.700,22.930,22.000,3842710,85806140,300761,15:35:30
sz300763,锦浪科技,52.320,3.400,6.950,52.300,52.320,48.920,49.350,52.900,49.350,18498105,948005616,300763,15:35:00
sz300765,新诺威,24.030,0.800,3.444,24.030,24.050,23.230,23.320,24.390,22.850,9466992,224956398,300765,15:35:15
sz300769,德方纳米,28.000,1.670,6.343,28.000,28.010,26.330,26.830,28.160,26.830,10537680,291442231,300769,15:35:15
sz300773,拉卡拉,12.740,0.430,3.493,12.730,12.740,12.310,12.550,12.870,12.440,8755900,110634359,300773,15:35:15
sz300775,三角防务,28.480,0.740,2.668,28.470,28.480,27.740,28.310,28.680,27.940,10260753,290745435,300775,15:35:45
sz300776,帝尔激光,46.130,0.530,1.162,46.130,46.140,45.600,46.380,46.950,45.330,6833655,314607964,300776,15:35:00
sz300777,中简科技,20.980,0.860,4.274,20.970,20.980,20.120,20.570,21.100,20.410,4810902,100158829,300777,15:35:15
sz300782,卓胜微,75.550,1.780,2.413,75.550,75.560,73.770,75.000,76.060,74.220,8427464,634365847,300782,15:35:30
sz300803,指南针,35.180,0.680,1.971,35.170,35.180,34.500,35.150,35.780,34.810,6082921,214682489,300803,15:35:30
sz300821,东岳硅材,7.020,0.330,4.933,7.010,7.020,6.690,6.780,7.050,6.780,14774526,102699504,300821,15:35:00
sz300832,新产业,61.600,0.300,0.489,61.600,61.620,61.300,61.990,62.610,60.540,2658122,164195907,300832,15:35:45
sz300850,新强联,14.820,1.000,7.236,14.820,14.830,13.820,14.200,15.000,14.200,9314134,136757930,300850,15:35:15
sz300861,美畅股份,18.380,0.740,4.195,18.380,18.390,17.640,18.010,18.560,18.000,3815844,69774407,300861,15:35:00
sz300866,安克创新,63.740,0.830,1.319,63.730,63.740,62.910,63.940,64.500,62.370,2431635,153865235,300866,15:35:15
sz300888,稳健医疗,25.770,0.640,2.547,25.770,25.790,25.130,25.450,25.960,25.330,2076398,53382037,300888,15:35:30
sz300896,爱美客,169.000,8.660,5.401,169.000,169.010,160.340,166.350,174.600,165.340,5706294,965574375,300896,15:35:30
sz300910,瑞丰新材,41.910,-0.010,-0.024,41.910,41.940,41.920,42.380,42.400,40.900,1846424,76954090,300910,15:35:00
sz300919,中伟股份,29.230,0.950,3.359,29.220,29.230,28.280,28.840,29.690,28.740,7392277,215956843,300919,15:35:00
sz300957,贝泰妮,47.080,2.650,5.964,47.060,47.080,44.430,45.270,47.390,45.170,4954411,229728044,300957,15:35:30
sz300979,华利集团,60.170,1.010,1.707,60.150,60.170,59.160,59.430,60.350,58.640,1967732,117566890,300979,15:35:45
sz300999,金龙鱼,26.610,0.570,2.189,26.610,26.620,26.040,25.700,26.980,25.500,13133187,346991565,300999,15:35:45
sz301015,百洋医药,23.260,0.470,2.062,23.240,23.260,22.790,23.150,23.450,22.610,2024955,46834304,301015,15:35:30
sz301029,怡合达,18.710,0.510,2.802,18.710,18.720,18.200,18.600,18.930,18.420,3098970,57950171,301029,15:35:00
sz301035,润丰股份,39.380,0.620,1.600,39.380,39.400,38.760,39.080,39.600,38.530,960100,37589703,301035,15:35:15
sz301039,中集车辆,8.580,0.030,0.351,8.570,8.580,8.550,8.610,8.730,8.480,12945500,111214147,301039,15:35:15
sz301047,义翘神州,62.480,1.280,2.092,62.460,62.480,61.200,61.630,62.910,61.630,612400,38213928,301047,15:35:00
sz301050,雷电微力,46.350,0.890,1.958,46.340,46.350,45.460,46.200,46.850,45.960,2911750,135059712,301050,15:35:45
sz301095,广立微,40.680,0.510,1.270,40.680,40.690,40.170,41.000,41.300,40.460,2439900,99564312,301095,15:35:45
sz301155,海力风电,38.690,0.550,1.442,38.690,38.700,38.140,38.630,39.310,38.330,1755500,68077865,301155,15:35:45
sz301165,锐捷网络,32.340,2.060,6.803,32.330,32.340,30.280,30.700,32.390,30.520,5199629,165225026,301165,15:35:00
sz301177,迪阿股份,19.100,0.920,5.061,19.080,19.100,18.180,18.420,19.180,18.400,1320023,24963713,301177,15:35:30
sz301207,华兰疫苗,17.320,0.640,3.837,17.310,17.320,16.680,17.090,17.450,16.800,1707500,29376655,301207,15:35:15
sz301219,腾远钴业,41.700,1.000,2.457,41.690,41.700,40.700,40.700,42.850,40.670,8275754,343520591,301219,15:35:00
sz301236,软通动力,33.940,0.450,1.344,33.940,33.950,33.490,34.250,34.720,33.860,28515825,975291077,301236,15:35:00
sz301238,瑞泰新材,14.730,0.700,4.989,14.720,14.730,14.030,14.460,14.860,14.420,8043500,118118805,301238,15:35:30
sz301239,普瑞眼科,35.550,2.010,5.993,35.550,35.560,33.540,34.280,36.600,34.180,3801823,135690117,301239,15:35:45
sz301267,华厦眼科,20.600,0.950,4.835,20.590,20.600,19.650,19.960,20.870,19.840,5026562,103104175,301267,15:35:45
sz301268,铭利达,15.260,0.870,6.046,15.260,15.270,14.390,14.570,15.380,14.570,2052300,30982263,301268,15:35:00
sz301269,华大九天,73.220,2.450,3.462,73.220,73.240,70.770,72.150,73.840,71.020,2144533,155488665,301269,15:35:15
sz301301,川宁生物,12.830,0.100,0.786,12.820,12.830,12.730,12.900,12.980,12.600,29650240,378912727,301301,15:35:00
sz301308,江波龙,98.290,-0.310,-0.314,98.290,98.300,98.600,99.500,100.860,96.400,9581241,946434246,301308,15:35:30
sz301358,湖南裕能,29.030,1.300,4.688,29.030,29.050,27.730,28.200,29.810,27.800,8397345,243538239,301358,15:35:45
sz301487,盟固利,25.460,1.050,4.302,25.460,25.470,24.410,24.700,25.490,24.520,3315244,83668446,301487,15:35:30
sz301498,乖宝宠物,52.080,1.090,2.138,52.050,52.080,50.990,51.490,52.590,50.890,1077699,56025761,301498,15:35:15
